-- MySQL dump 10.13  Distrib 5.5.41, for debian-linux-gnu (x86_64)
--
-- Host: localhost    Database: Sistem_Penerbangan
-- ------------------------------------------------------
-- Server version	5.5.41-0ubuntu0.14.04.1

/*!40101 SET @OLD_CHARACTER_SET_CLIENT=@@CHARACTER_SET_CLIENT */;
/*!40101 SET @OLD_CHARACTER_SET_RESULTS=@@CHARACTER_SET_RESULTS */;
/*!40101 SET @OLD_COLLATION_CONNECTION=@@COLLATION_CONNECTION */;
/*!40101 SET NAMES utf8 */;
/*!40103 SET @OLD_TIME_ZONE=@@TIME_ZONE */;
/*!40103 SET TIME_ZONE='+00:00' */;
/*!40014 SET @OLD_UNIQUE_CHECKS=@@UNIQUE_CHECKS, UNIQUE_CHECKS=0 */;
/*!40014 SET @OLD_FOREIGN_KEY_CHECKS=@@FOREIGN_KEY_CHECKS, FOREIGN_KEY_CHECKS=0 */;
/*!40101 SET @OLD_SQL_MODE=@@SQL_MODE, SQL_MODE='NO_AUTO_VALUE_ON_ZERO' */;
/*!40111 SET @OLD_SQL_NOTES=@@SQL_NOTES, SQL_NOTES=0 */;

--
-- Table structure for table `a330`
--

DROP TABLE IF EXISTS `a330`;
/*!40101 SET @saved_cs_client     = @@character_set_client */;
/*!40101 SET character_set_client = utf8 */;
CREATE TABLE `a330` (
  `kode_pesawat` char(7) NOT NULL,
  `no_produksi` int(11) DEFAULT NULL,
  `spesifikasi_mesin` int(11) DEFAULT NULL,
  PRIMARY KEY (`kode_pesawat`),
  CONSTRAINT `a330_ibfk_1` FOREIGN KEY (`kode_pesawat`) REFERENCES `pesawat` (`kode_pesawat`)
) ENGINE=InnoDB DEFAULT CHARSET=latin1;
/*!40101 SET character_set_client = @saved_cs_client */;

--
-- Dumping data for table `a330`
--

LOCK TABLES `a330` WRITE;
/*!40000 ALTER TABLE `a330` DISABLE KEYS */;
INSERT INTO `a330` VALUES ('9M-BXC',1012,3),('9M-BXX',1040,1),('9V-PQR',1032,4),('PK-AXC',1010,0),('PK-BBC',1009,6),('PK-OPO',1011,1),('PK-WAL',1050,4),('PK-XXX',1033,5);
/*!40000 ALTER TABLE `a330` ENABLE KEYS */;
UNLOCK TABLES;

--
-- Table structure for table `aboard`
--

DROP TABLE IF EXISTS `aboard`;
/*!40101 SET @saved_cs_client     = @@character_set_client */;
/*!40101 SET character_set_client = utf8 */;
CREATE TABLE `aboard` (
  `no_tiket` bigint(20) unsigned NOT NULL,
  `nama` char(36) NOT NULL DEFAULT '',
  `no_kursi` char(3) DEFAULT NULL,
  `no_penerbangan` char(8) NOT NULL DEFAULT '',
  `departure_time` datetime NOT NULL DEFAULT '0000-00-00 00:00:00',
  PRIMARY KEY (`nama`,`no_penerbangan`,`departure_time`),
  UNIQUE KEY `no_tiket` (`no_tiket`),
  KEY `no_penerbangan` (`no_penerbangan`,`departure_time`),
  CONSTRAINT `aboard_ibfk_1` FOREIGN KEY (`no_penerbangan`, `departure_time`) REFERENCES `keberangkatan` (`no_penerbangan`, `departure_time`),
  CONSTRAINT `aboard_ibfk_2` FOREIGN KEY (`nama`) REFERENCES `penumpang` (`nama`)
) ENGINE=InnoDB DEFAULT CHARSET=latin1;
/*!40101 SET character_set_client = @saved_cs_client */;

--
-- Dumping data for table `aboard`
--

LOCK TABLES `aboard` WRITE;
/*!40000 ALTER TABLE `aboard` DISABLE KEYS */;
INSERT INTO `aboard` VALUES (72421397,'Aaron Gutierrez','45A','JT588','2015-08-11 10:30:00'),(72421538,'Aaron Powell','13A','JT588','2015-08-15 10:30:00'),(72421400,'Adam Chapman','45D','JT588','2015-08-11 10:30:00'),(72421648,'Adam Hamilton','19E','QZ534','2015-03-19 01:00:00'),(72421250,'Adam Harrison','15D','JT588','2015-08-11 10:30:00'),(72421816,'Adam Henry','14E','BO2315','2015-04-13 22:30:00'),(72421566,'Adam Peters','3C','QZ534','2015-03-19 01:00:00'),(72421761,'Adam Riley','3E','BO2315','2015-04-13 22:30:00'),(72421249,'Adam Taylor','15C','JT588','2015-08-11 10:30:00'),(72421173,'Alain Oktavianus Siauw','4B','QZ8501','2014-12-28 05:20:00'),(72421323,'Alan Carter','30B','JT588','2015-08-11 10:30:00'),(72421674,'Alan Diaz','3E','QZ534','2015-03-26 01:00:00'),(72421745,'Alan Hart','18A','QZ534','2015-03-26 01:00:00'),(72421708,'Albert Day','10D','QZ534','2015-03-26 01:00:00'),(72421611,'Albert Foster','12C','QZ534','2015-03-19 01:00:00'),(72421393,'Albert Ramirez','44B','JT588','2015-08-11 10:30:00'),(72421211,'Albert Wood','7E','JT588','2015-08-11 10:30:00'),(72421641,'Alice Gray','18C','QZ534','2015-03-19 01:00:00'),(72421534,'Alice Kennedy','12B','JT588','2015-08-15 10:30:00'),(72421512,'Alice Sims','7E','JT588','2015-08-15 10:30:00'),(72421710,'Alice Wagner','11A','QZ534','2015-03-26 01:00:00'),(72421288,'Amanda Allen','23B','JT588','2015-08-11 10:30:00'),(72421419,'Amanda Duncan','49C','JT588','2015-08-11 10:30:00'),(72421517,'Amanda Flores','8E','JT588','2015-08-15 10:30:00'),(72421381,'Amanda Hamilton','41E','JT588','2015-08-11 10:30:00'),(72421380,'Amy Burton','41D','JT588','2015-08-11 10:30:00'),(72421295,'Amy Duncan','24D','JT588','2015-08-11 10:30:00'),(72421549,'Amy Elliott','15B','JT588','2015-08-15 10:30:00'),(72421290,'Amy Fowler','23D','JT588','2015-08-11 10:30:00'),(72421197,'Andrea Franklin','5A','JT588','2015-08-11 10:30:00'),(72421264,'Andrea Warren','18C','JT588','2015-08-11 10:30:00'),(72421717,'Andrew Frazier','12C','QZ534','2015-03-26 01:00:00'),(72421289,'Andrew Harrison','23C','JT588','2015-08-11 10:30:00'),(72421738,'Andrew Perkins','16D','QZ534','2015-03-26 01:00:00'),(72421555,'Angela Burns','1B','QZ534','2015-03-19 01:00:00'),(72421346,'Angela Lane','34E','JT588','2015-08-11 10:30:00'),(72421194,'Angela Ortiz','4C','JT588','2015-08-11 10:30:00'),(72421342,'Angela Williams','34A','JT588','2015-08-11 10:30:00'),(72421174,'Angelina Ong','4C','QZ8501','2014-12-28 05:20:00'),(72421170,'Anggraini, Monica','3C','QZ8501','2014-12-28 05:20:00'),(72421608,'Ann Graham','11E','QZ534','2015-03-19 01:00:00'),(72421396,'Ann Gray','44E','JT588','2015-08-11 10:30:00'),(72421296,'Ann Hicks','24E','JT588','2015-08-11 10:30:00'),(72421530,'Ann Mendoza','11C','JT588','2015-08-15 10:30:00'),(72421240,'Ann Meyer','13D','JT588','2015-08-11 10:30:00'),(72421718,'Ann Stephens','12D','QZ534','2015-03-26 01:00:00'),(72421226,'Anna Burns','10E','JT588','2015-08-11 10:30:00'),(72421556,'Anna Clark','1C','QZ534','2015-03-19 01:00:00'),(72421383,'Anna Lopez','42B','JT588','2015-08-11 10:30:00'),(72421775,'Anna Medina','6D','BO2315','2015-04-13 22:30:00'),(72421469,'Anna Nichols','59C','JT588','2015-08-11 10:30:00'),(72421525,'Anne Davis','10C','JT588','2015-08-15 10:30:00'),(72421617,'Anne Sanders','13D','QZ534','2015-03-19 01:00:00'),(72421629,'Annie Bryant','16A','QZ534','2015-03-19 01:00:00'),(72421198,'Annie Franklin','5B','JT588','2015-08-11 10:30:00'),(72421387,'Annie Jones','43A','JT588','2015-08-11 10:30:00'),(72421716,'Annie Long','12B','QZ534','2015-03-26 01:00:00'),(72421484,'Annie Richards','2B','JT588','2015-08-15 10:30:00'),(72421440,'Annie Snyder','53D','JT588','2015-08-11 10:30:00'),(72421335,'Antonio Castillo','32D','JT588','2015-08-11 10:30:00'),(72421365,'Antonio Jordan','38D','JT588','2015-08-11 10:30:00'),(72421241,'Antonio Kelley','13E','JT588','2015-08-11 10:30:00'),(72421642,'Arthur Cunningham','18D','QZ534','2015-03-19 01:00:00'),(72421426,'Arthur Marshall','50E','JT588','2015-08-11 10:30:00'),(72421356,'Arthur Payne','36E','JT588','2015-08-11 10:30:00'),(72421235,'Arthur Rodriguez','12D','JT588','2015-08-11 10:30:00'),(72421510,'Ashley Cooper','7C','JT588','2015-08-15 10:30:00'),(72421278,'Ashley Moreno','21B','JT588','2015-08-11 10:30:00'),(72421432,'Ashley Morgan','52A','JT588','2015-08-11 10:30:00'),(72421379,'Ashley Perkins','41C','JT588','2015-08-11 10:30:00'),(72421200,'Ashley Walker','5D','JT588','2015-08-11 10:30:00'),(72421631,'Ashley Wilson','16C','QZ534','2015-03-19 01:00:00'),(72421518,'Barbara Dean','9A','JT588','2015-08-15 10:30:00'),(72421363,'Barbara Kennedy','38B','JT588','2015-08-11 10:30:00'),(72421407,'Barbara Little','47A','JT588','2015-08-11 10:30:00'),(72421460,'Barbara Weaver','57D','JT588','2015-08-11 10:30:00'),(72421215,'Benjamin Reyes','8D','JT588','2015-08-11 10:30:00'),(72421574,'Betty Murphy','5A','QZ534','2015-03-19 01:00:00'),(72421424,'Betty Peters','50C','JT588','2015-08-11 10:30:00'),(72421520,'Beverly Carroll','9C','JT588','2015-08-15 10:30:00'),(72421696,'Beverly Johnston','8B','QZ534','2015-03-26 01:00:00'),(72421478,'Billy Butler','1A','JT588','2015-08-15 10:30:00'),(72421222,'Billy Young','10A','JT588','2015-08-11 10:30:00'),(72421266,'Bobby Burton','18E','JT588','2015-08-11 10:30:00'),(72421707,'Bobby Harper','10C','QZ534','2015-03-26 01:00:00'),(72421576,'Bobby Hart','5C','QZ534','2015-03-19 01:00:00'),(72421749,'Bobby Morgan','1C','BO2315','2015-04-13 22:30:00'),(72421331,'Bobby Morris','31E','JT588','2015-08-11 10:30:00'),(72421283,'Bobby Nguyen','22B','JT588','2015-08-11 10:30:00'),(72421628,'Bonnie Lewis','15E','QZ534','2015-03-19 01:00:00'),(72421303,'Brandon Banks','26B','JT588','2015-08-11 10:30:00'),(72421758,'Brandon Hernandez','3B','BO2315','2015-04-13 22:30:00'),(72421417,'Brandon Lopez','49A','JT588','2015-08-11 10:30:00'),(72421811,'Brenda Coleman','13E','BO2315','2015-04-13 22:30:00'),(72421408,'Brenda Flores','47B','JT588','2015-08-11 10:30:00'),(72421372,'Brenda Gutierrez','40A','JT588','2015-08-11 10:30:00'),(72421600,'Brenda Perkins','10B','QZ534','2015-03-19 01:00:00'),(72421248,'Brian Hall','15B','JT588','2015-08-11 10:30:00'),(72421497,'Brian Hayes','4E','JT588','2015-08-15 10:30:00'),(72421243,'Brian Jacobs','14B','JT588','2015-08-11 10:30:00'),(72421650,'Brian Kelley','20B','QZ534','2015-03-19 01:00:00'),(72421603,'Brian Porter','10E','QZ534','2015-03-19 01:00:00'),(72421465,'Bruce Crawford','58D','JT588','2015-08-11 10:30:00'),(72421454,'Bruce Garza','56C','JT588','2015-08-11 10:30:00'),(72421498,'Bruce Gunawan','5A','JT588','2015-08-15 10:30:00'),(72421521,'Bruce Harrison','9D','JT588','2015-08-15 10:30:00'),(72421378,'Carlos Medina','41B','JT588','2015-08-11 10:30:00'),(72421392,'Carol Fuller','44A','JT588','2015-08-11 10:30:00'),(72421824,'Carol West','16C','BO2315','2015-04-13 22:30:00'),(72421703,'Carol Wood','9D','QZ534','2015-03-26 01:00:00'),(72421740,'Carolyn Alexander','17A','QZ534','2015-03-26 01:00:00'),(72421634,'Carolyn Fisher','17A','QZ534','2015-03-19 01:00:00'),(72421348,'Catherine Lee','35B','JT588','2015-08-11 10:30:00'),(72421511,'Catherine Murray','7D','JT588','2015-08-15 10:30:00'),(72421788,'Catherine Nguyen','9B','BO2315','2015-04-13 22:30:00'),(72421652,'Catherine Richardson','20D','QZ534','2015-03-19 01:00:00'),(72421799,'Catherine Stewart','11C','BO2315','2015-04-13 22:30:00'),(72421415,'Charles Adams','48D','JT588','2015-08-11 10:30:00'),(72421690,'Charles Cunningham','7A','QZ534','2015-03-26 01:00:00'),(72421630,'Cheryl Lee','16B','QZ534','2015-03-19 01:00:00'),(72421161,'Choi, Chi Man','1B','QZ8501','2014-12-28 05:20:00'),(72421160,'Choi, Zoe Man Suen','1A','QZ8501','2014-12-28 05:20:00'),(72421239,'Chris Castillo','13C','JT588','2015-08-11 10:30:00'),(72421712,'Christina Baker','11C','QZ534','2015-03-26 01:00:00'),(72421755,'Christina Harper','2D','BO2315','2015-04-13 22:30:00'),(72421515,'Christine Gonzales','8C','JT588','2015-08-15 10:30:00'),(72421713,'Christine Lewis','11D','QZ534','2015-03-26 01:00:00'),(72421586,'Christine Long','7C','QZ534','2015-03-19 01:00:00'),(72421610,'Christine Peters','12B','QZ534','2015-03-19 01:00:00'),(72421442,'Christopher Campbell','54A','JT588','2015-08-11 10:30:00'),(72421311,'Christopher Nelson','27E','JT588','2015-08-11 10:30:00'),(72421309,'Christopher Smith','27C','JT588','2015-08-11 10:30:00'),(72421625,'Christopher Weaver','15B','QZ534','2015-03-19 01:00:00'),(72421373,'Clarence Boyd','40B','JT588','2015-08-11 10:30:00'),(72421593,'Clarence Carter','8E','QZ534','2015-03-19 01:00:00'),(72421657,'Clarence Fields','21D','QZ534','2015-03-19 01:00:00'),(72421539,'Clarence Payne','13B','JT588','2015-08-15 10:30:00'),(72421699,'Clarence Ramos','8E','QZ534','2015-03-26 01:00:00'),(72421785,'Clarence Sanders','8D','BO2315','2015-04-13 22:30:00'),(72421326,'Craig Franklin','30E','JT588','2015-08-11 10:30:00'),(72421679,'Craig Hunter','4E','QZ534','2015-03-26 01:00:00'),(72421225,'Craig Medina','10D','JT588','2015-08-11 10:30:00'),(72421805,'Craig Young','12D','BO2315','2015-04-13 22:30:00'),(72421271,'Cynthia Anderson','19E','JT588','2015-08-11 10:30:00'),(72421506,'Cynthia Edwards','6D','JT588','2015-08-15 10:30:00'),(72421492,'Cynthia Harvey','3E','JT588','2015-08-15 10:30:00'),(72421179,'Cynthia Howell','1C','JT588','2015-08-11 10:30:00'),(72421269,'Cynthia Lawrence','19C','JT588','2015-08-11 10:30:00'),(72421531,'Cynthia Reyes','11D','JT588','2015-08-15 10:30:00'),(72421247,'Cynthia Rose','15A','JT588','2015-08-11 10:30:00'),(72421386,'Daniel Kelly','42E','JT588','2015-08-11 10:30:00'),(72421596,'Daniel Richardson','9C','QZ534','2015-03-19 01:00:00'),(72421550,'Daniel Roberts','15C','JT588','2015-08-15 10:30:00'),(72421214,'Deborah Black','8C','JT588','2015-08-11 10:30:00'),(72421597,'Deborah Chapman','9D','QZ534','2015-03-19 01:00:00'),(72421180,'Deborah Myers','1D','JT588','2015-08-11 10:30:00'),(72421480,'Deborah Richardson','1C','JT588','2015-08-15 10:30:00'),(72421293,'Debra Cole','24B','JT588','2015-08-11 10:30:00'),(72421682,'Debra Mcdonald','5C','QZ534','2015-03-26 01:00:00'),(72421493,'Denise Anderson','4A','JT588','2015-08-15 10:30:00'),(72421602,'Denise Thomas','10D','QZ534','2015-03-19 01:00:00'),(72421464,'Denise Willis','58C','JT588','2015-08-11 10:30:00'),(72421382,'Diana Ramirez','42A','JT588','2015-08-11 10:30:00'),(72421601,'Diana Thompson','10C','QZ534','2015-03-19 01:00:00'),(72421434,'Diana Torres','52C','JT588','2015-08-11 10:30:00'),(72421263,'Diane Arnold','18B','JT588','2015-08-11 10:30:00'),(72421472,'Diane Reed','60A','JT588','2015-08-11 10:30:00'),(72421301,'Donald Hicks','25E','JT588','2015-08-11 10:30:00'),(72421177,'Donald Reed','1A','JT588','2015-08-11 10:30:00'),(72421306,'Donald Robinson','26E','JT588','2015-08-11 10:30:00'),(72421388,'Donna Burke','43B','JT588','2015-08-11 10:30:00'),(72421496,'Donna Foster','4D','JT588','2015-08-15 10:30:00'),(72421659,'Donna Kelley','22A','QZ534','2015-03-19 01:00:00'),(72421360,'Donna Porter','37D','JT588','2015-08-11 10:30:00'),(72421559,'Donna Spencer','2A','QZ534','2015-03-19 01:00:00'),(72421463,'Doris Evans','58B','JT588','2015-08-11 10:30:00'),(72421694,'Doris Fisher','7E','QZ534','2015-03-26 01:00:00'),(72421453,'Doris Lopez','56B','JT588','2015-08-11 10:30:00'),(72421428,'Doris Miller','51B','JT588','2015-08-11 10:30:00'),(72421318,'Doris Perez','29B','JT588','2015-08-11 10:30:00'),(72421276,'Doris Simpson','20E','JT588','2015-08-11 10:30:00'),(72421570,'Dorothy Harris','4B','QZ534','2015-03-19 01:00:00'),(72421230,'Dorothy Morgan','11D','JT588','2015-08-11 10:30:00'),(72421368,'Dorothy Payne','39B','JT588','2015-08-11 10:30:00'),(72421402,'Dorothy Williamson','46A','JT588','2015-08-11 10:30:00'),(72421540,'Douglas Allen','13C','JT588','2015-08-15 10:30:00'),(72421423,'Douglas Dean','50B','JT588','2015-08-11 10:30:00'),(72421693,'Earl Butler','7D','QZ534','2015-03-26 01:00:00'),(72421315,'Earl Garza','28D','JT588','2015-08-11 10:30:00'),(72421802,'Earl Little','12A','BO2315','2015-04-13 22:30:00'),(72421221,'Earl Ramos','9E','JT588','2015-08-11 10:30:00'),(72421697,'Edward Banks','8C','QZ534','2015-03-26 01:00:00'),(72421294,'Edward Boyd','24C','JT588','2015-08-11 10:30:00'),(72421670,'Edward Kelly','3A','QZ534','2015-03-26 01:00:00'),(72421404,'Edward Ryan','46C','JT588','2015-08-11 10:30:00'),(72421519,'Edward Sanchez','9B','JT588','2015-08-15 10:30:00'),(72421508,'Edward Wright','7A','JT588','2015-08-15 10:30:00'),(72421792,'Elizabeth Foster','10A','BO2315','2015-04-13 22:30:00'),(72421509,'Elizabeth Kim','7B','JT588','2015-08-15 10:30:00'),(72421546,'Elizabeth Meyer','14D','JT588','2015-08-15 10:30:00'),(72421206,'Elizabeth Montgomery','6E','JT588','2015-08-11 10:30:00'),(72421548,'Elizabeth Morris','15A','JT588','2015-08-15 10:30:00'),(72421742,'Emily Cunningham','17C','QZ534','2015-03-26 01:00:00'),(72421698,'Emily Ferguson','8D','QZ534','2015-03-26 01:00:00'),(72421185,'Emily Fernandez','2D','JT588','2015-08-11 10:30:00'),(72421300,'Emily Jackson','25D','JT588','2015-08-11 10:30:00'),(72421219,'Emily Kim','9C','JT588','2015-08-11 10:30:00'),(72421449,'Emily Stevens','55C','JT588','2015-08-11 10:30:00'),(72421762,'Eric Diaz','4A','BO2315','2015-04-13 22:30:00'),(72421649,'Eric Jones','20A','QZ534','2015-03-19 01:00:00'),(72421672,'Eric Matthews','3C','QZ534','2015-03-26 01:00:00'),(72421455,'Eric Payne','56D','JT588','2015-08-11 10:30:00'),(72421208,'Eric Porter','7B','JT588','2015-08-11 10:30:00'),(72421729,'Ernest Davis','14E','QZ534','2015-03-26 01:00:00'),(72421528,'Ernest Gonzales','11A','JT588','2015-08-15 10:30:00'),(72421319,'Ernest Mitchell','29C','JT588','2015-08-11 10:30:00'),(72421411,'Eugene Kim','47E','JT588','2015-08-11 10:30:00'),(72421823,'Eugene Reed','16B','BO2315','2015-04-13 22:30:00'),(72421752,'Eugene Rodriguez','2A','BO2315','2015-04-13 22:30:00'),(72421524,'Evelyn Harrison','10B','JT588','2015-08-15 10:30:00'),(72421175,'Febriantus Edward','4D','QZ8501','2014-12-28 05:20:00'),(72421169,'Fei Joe Jeng','3B','QZ8501','2014-12-28 05:20:00'),(72421299,'Frances Nichols','25C','JT588','2015-08-11 10:30:00'),(72421646,'Frank Brown','19C','QZ534','2015-03-19 01:00:00'),(72421640,'Frank Edwards','18B','QZ534','2015-03-19 01:00:00'),(72421731,'Frank Foster','15B','QZ534','2015-03-26 01:00:00'),(72421257,'Frank Myers','17A','JT588','2015-08-11 10:30:00'),(72421797,'Frank Reed','11A','BO2315','2015-04-13 22:30:00'),(72421687,'Frank Riley','6C','QZ534','2015-03-26 01:00:00'),(72421188,'Fred Alexander','3B','JT588','2015-08-11 10:30:00'),(72421207,'Fred Day','7A','JT588','2015-08-11 10:30:00'),(72421627,'Fred Howard','15D','QZ534','2015-03-19 01:00:00'),(72421666,'Fred Long','2B','QZ534','2015-03-26 01:00:00'),(72421558,'Gary Riley','1E','QZ534','2015-03-19 01:00:00'),(72421622,'George Sanders','14D','QZ534','2015-03-19 01:00:00'),(72421800,'George Williamson','11D','BO2315','2015-04-13 22:30:00'),(72421795,'Gerald Burns','10D','BO2315','2015-04-13 22:30:00'),(72421483,'Gerald Nelson','2A','JT588','2015-08-15 10:30:00'),(72421374,'Gerald Rogers','40C','JT588','2015-08-11 10:30:00'),(72421275,'Gerald Simpson','20D','JT588','2015-08-11 10:30:00'),(72421371,'Gloria Mendoza','39E','JT588','2015-08-11 10:30:00'),(72421166,'Go, Feilensia Sularmo','2C','QZ8501','2014-12-28 05:20:00'),(72421461,'Gregory Berry','57E','JT588','2015-08-11 10:30:00'),(72421413,'Gregory Burns','48B','JT588','2015-08-11 10:30:00'),(72421176,'Haripin, Sukiatna','5A','QZ8501','2014-12-28 05:20:00'),(72421676,'Harold Nguyen','4B','QZ534','2015-03-26 01:00:00'),(72421456,'Harold Powell','56E','JT588','2015-08-11 10:30:00'),(72421242,'Harold Washington','14A','JT588','2015-08-11 10:30:00'),(72421527,'Harry Hunt','10E','JT588','2015-08-15 10:30:00'),(72421557,'Harry Meyer','1D','QZ534','2015-03-19 01:00:00'),(72421260,'Heather Flores','17D','JT588','2015-08-11 10:30:00'),(72421798,'Heather Jordan','11B','BO2315','2015-04-13 22:30:00'),(72421272,'Heather Lee','20A','JT588','2015-08-11 10:30:00'),(72421671,'Helen Hamilton','3B','QZ534','2015-03-26 01:00:00'),(72421274,'Helen White','20C','JT588','2015-08-11 10:30:00'),(72421793,'Howard Allen','10B','BO2315','2015-04-13 22:30:00'),(72421259,'Howard Andrews','17C','JT588','2015-08-11 10:30:00'),(72421677,'Howard Burton','4C','QZ534','2015-03-26 01:00:00'),(72421647,'Howard Diaz','19D','QZ534','2015-03-19 01:00:00'),(72421578,'Howard Freeman','5E','QZ534','2015-03-19 01:00:00'),(72421361,'Howard Matthews','37E','JT588','2015-08-11 10:30:00'),(72421445,'Howard Rodriguez','54D','JT588','2015-08-11 10:30:00'),(72421443,'Howard Williamson','54B','JT588','2015-08-11 10:30:00'),(72421420,'Howard Willis','49D','JT588','2015-08-11 10:30:00'),(72421533,'Irene Simpson','12A','JT588','2015-08-15 10:30:00'),(72421429,'Jack Carter','51C','JT588','2015-08-11 10:30:00'),(72421500,'Jack Chavez','5C','JT588','2015-08-15 10:30:00'),(72421422,'Jack Peters','50A','JT588','2015-08-11 10:30:00'),(72421273,'Jacqueline Riley','20B','JT588','2015-08-11 10:30:00'),(72421821,'Jacqueline Vasquez','15E','BO2315','2015-04-13 22:30:00'),(72421662,'James Bradley','1C','QZ534','2015-03-26 01:00:00'),(72421743,'James Carr','17D','QZ534','2015-03-26 01:00:00'),(72421560,'James Mason','2B','QZ534','2015-03-19 01:00:00'),(72421446,'Jane Armstrong','54E','JT588','2015-08-11 10:30:00'),(72421767,'Jane Clark','5A','BO2315','2015-04-13 22:30:00'),(72421719,'Jane Little','12E','QZ534','2015-03-26 01:00:00'),(72421292,'Jane Ramos','24A','JT588','2015-08-11 10:30:00'),(72421364,'Janet Baker','38C','JT588','2015-08-11 10:30:00'),(72421704,'Janet Carter','9E','QZ534','2015-03-26 01:00:00'),(72421252,'Janet Fields','16A','JT588','2015-08-11 10:30:00'),(72421565,'Janet Gibson','3B','QZ534','2015-03-19 01:00:00'),(72421436,'Janet Scott','52E','JT588','2015-08-11 10:30:00'),(72421786,'Janet Snyder','8E','BO2315','2015-04-13 22:30:00'),(72421562,'Janet Stephens','2D','QZ534','2015-03-19 01:00:00'),(72421783,'Janice Bishop','8B','BO2315','2015-04-13 22:30:00'),(72421286,'Janice Ramos','22E','JT588','2015-08-11 10:30:00'),(72421688,'Janice Ray','6D','QZ534','2015-03-26 01:00:00'),(72421588,'Janice Williamson','7E','QZ534','2015-03-19 01:00:00'),(72421664,'Jason Hicks','1E','QZ534','2015-03-26 01:00:00'),(72421737,'Jason Lopez','16C','QZ534','2015-03-26 01:00:00'),(72421330,'Jason Rogers','31D','JT588','2015-08-11 10:30:00'),(72421217,'Jason Spencer','9A','JT588','2015-08-11 10:30:00'),(72421709,'Jean Black','10E','QZ534','2015-03-26 01:00:00'),(72421773,'Jean Dunn','6B','BO2315','2015-04-13 22:30:00'),(72421722,'Jean Griffin','13C','QZ534','2015-03-26 01:00:00'),(72421620,'Jean Richardson','14B','QZ534','2015-03-19 01:00:00'),(72421452,'Jeffrey Hernandez','56A','JT588','2015-08-11 10:30:00'),(72421416,'Jennifer Gonzalez','48E','JT588','2015-08-11 10:30:00'),(72421178,'Jennifer Owens','1B','JT588','2015-08-11 10:30:00'),(72421394,'Jennifer Thomas','44C','JT588','2015-08-11 10:30:00'),(72421229,'Jeremy Dunn','11C','JT588','2015-08-11 10:30:00'),(72421561,'Jeremy Garcia','2C','QZ534','2015-03-19 01:00:00'),(72421339,'Jeremy Green','33C','JT588','2015-08-11 10:30:00'),(72421569,'Jeremy Harvey','4A','QZ534','2015-03-19 01:00:00'),(72421584,'Jerry Clark','7A','QZ534','2015-03-19 01:00:00'),(72421357,'Jerry Sullivan','37A','JT588','2015-08-11 10:30:00'),(72421817,'Jerry Washington','15A','BO2315','2015-04-13 22:30:00'),(72421431,'Jerry Wood','51E','JT588','2015-08-11 10:30:00'),(72421237,'Jesse Burns','13A','JT588','2015-08-11 10:30:00'),(72421474,'Jesse Carr','60C','JT588','2015-08-11 10:30:00'),(72421502,'Jesse Ferguson','5E','JT588','2015-08-15 10:30:00'),(72421633,'Jesse Owens','16E','QZ534','2015-03-19 01:00:00'),(72421189,'Jesse Perez','3C','JT588','2015-08-11 10:30:00'),(72421730,'Jessica Boyd','15A','QZ534','2015-03-26 01:00:00'),(72421459,'Jessica Cook','57C','JT588','2015-08-11 10:30:00'),(72421385,'Jimmy Flores','42D','JT588','2015-08-11 10:30:00'),(72421376,'Jimmy Kelley','40E','JT588','2015-08-11 10:30:00'),(72421494,'Jimmy King','4B','JT588','2015-08-15 10:30:00'),(72421285,'Joan Cunningham','22D','JT588','2015-08-11 10:30:00'),(72421573,'Joan Ramos','4E','QZ534','2015-03-19 01:00:00'),(72421503,'Joe Chavez','6A','JT588','2015-08-15 10:30:00'),(72421471,'Joe Ford','59E','JT588','2015-08-11 10:30:00'),(72421291,'Joe Frazier','23E','JT588','2015-08-11 10:30:00'),(72421279,'Joe Harrison','21C','JT588','2015-08-11 10:30:00'),(72421366,'Joe Kelley','38E','JT588','2015-08-11 10:30:00'),(72421450,'Joe West','55D','JT588','2015-08-11 10:30:00'),(72421766,'John Holmes','4E','BO2315','2015-04-13 22:30:00'),(72421532,'John Price','11E','JT588','2015-08-15 10:30:00'),(72421482,'John Webb','1E','JT588','2015-08-15 10:30:00'),(72421427,'Johnny Gordon','51A','JT588','2015-08-11 10:30:00'),(72421438,'Johnny Johnson','53B','JT588','2015-08-11 10:30:00'),(72421435,'Johnny Mccoy','52D','JT588','2015-08-11 10:30:00'),(72421409,'Jonathan Bishop','47C','JT588','2015-08-11 10:30:00'),(72421522,'Jonathan Dunn','9E','JT588','2015-08-15 10:30:00'),(72421784,'Jonathan Hicks','8C','BO2315','2015-04-13 22:30:00'),(72421692,'Jonathan Romero','7C','QZ534','2015-03-26 01:00:00'),(72421750,'Jonathan Schmidt','1D','BO2315','2015-04-13 22:30:00'),(72421401,'Jose Dixon','45E','JT588','2015-08-11 10:30:00'),(72421639,'Jose Stevens','18A','QZ534','2015-03-19 01:00:00'),(72421751,'Jose Vasquez','1E','BO2315','2015-04-13 22:30:00'),(72421412,'Jose Wallace','48A','JT588','2015-08-11 10:30:00'),(72421658,'Joseph Morgan','21E','QZ534','2015-03-19 01:00:00'),(72421202,'Joseph Murray','6A','JT588','2015-08-11 10:30:00'),(72421604,'Joseph Russell','11A','QZ534','2015-03-19 01:00:00'),(72421606,'Joshua Campbell','11C','QZ534','2015-03-19 01:00:00'),(72421187,'Joshua Carter','3A','JT588','2015-08-11 10:30:00'),(72421362,'Joshua Harper','38A','JT588','2015-08-11 10:30:00'),(72421192,'Joyce Alvarez','4A','JT588','2015-08-11 10:30:00'),(72421781,'Joyce Green','7E','BO2315','2015-04-13 22:30:00'),(72421715,'Juan Hayes','12A','QZ534','2015-03-26 01:00:00'),(72421256,'Juan Jacobs','16E','JT588','2015-08-11 10:30:00'),(72421820,'Judith Ellis','15D','BO2315','2015-04-13 22:30:00'),(72421723,'Judith Reynolds','13D','QZ534','2015-03-26 01:00:00'),(72421581,'Judith Robertson','6C','QZ534','2015-03-19 01:00:00'),(72421801,'Judy Fields','11E','BO2315','2015-04-13 22:30:00'),(72421406,'Judy Howell','46E','JT588','2015-08-11 10:30:00'),(72421262,'Judy Lawrence','18A','JT588','2015-08-11 10:30:00'),(72421637,'Judy Ortiz','17D','QZ534','2015-03-19 01:00:00'),(72421345,'Judy Powell','34D','JT588','2015-08-11 10:30:00'),(72421644,'Julia Berry','19A','QZ534','2015-03-19 01:00:00'),(72421756,'Julia Bryant','2E','BO2315','2015-04-13 22:30:00'),(72421505,'Julia Kelley','6C','JT588','2015-08-15 10:30:00'),(72421552,'Julia Nichols','15E','JT588','2015-08-15 10:30:00'),(72421341,'Julia Wells','33E','JT588','2015-08-11 10:30:00'),(72421748,'Julie Carr','1B','BO2315','2015-04-13 22:30:00'),(72421516,'Julie Cook','8D','JT588','2015-08-15 10:30:00'),(72421182,'Julie Hill','2A','JT588','2015-08-11 10:30:00'),(72421430,'Julie Hunter','51D','JT588','2015-08-11 10:30:00'),(72421567,'Julie Murray','3D','QZ534','2015-03-19 01:00:00'),(72421234,'Julie Young','12C','JT588','2015-08-11 10:30:00'),(72421632,'Justin Burke','16D','QZ534','2015-03-19 01:00:00'),(72421399,'Justin Wood','45C','JT588','2015-08-11 10:30:00'),(72421705,'Karen Davis','10A','QZ534','2015-03-26 01:00:00'),(72421261,'Karen Nelson','17E','JT588','2015-08-11 10:30:00'),(72421543,'Katherine Carroll','14A','JT588','2015-08-15 10:30:00'),(72421678,'Katherine Johnson','4D','QZ534','2015-03-26 01:00:00'),(72421595,'Katherine Kennedy','9B','QZ534','2015-03-19 01:00:00'),(72421183,'Katherine Riley','2B','JT588','2015-08-11 10:30:00'),(72421763,'Kathleen Castillo','4B','BO2315','2015-04-13 22:30:00'),(72421669,'Kathleen Graham','2E','QZ534','2015-03-26 01:00:00'),(72421739,'Kathryn Ramos','16E','QZ534','2015-03-26 01:00:00'),(72421741,'Kathryn Shaw','17B','QZ534','2015-03-26 01:00:00'),(72421441,'Kathy Cooper','53E','JT588','2015-08-11 10:30:00'),(72421727,'Kathy Harris','14C','QZ534','2015-03-26 01:00:00'),(72421281,'Kathy Hart','21E','JT588','2015-08-11 10:30:00'),(72421352,'Kathy Hunter','36A','JT588','2015-08-11 10:30:00'),(72421790,'Kathy Stevens','9D','BO2315','2015-04-13 22:30:00'),(72421313,'Keith Brown','28B','JT588','2015-08-11 10:30:00'),(72421255,'Keith Howard','16D','JT588','2015-08-11 10:30:00'),(72421481,'Keith Morgan','1D','JT588','2015-08-15 10:30:00'),(72421501,'Keith Perry','5D','JT588','2015-08-15 10:30:00'),(72421736,'Keith Williamson','16B','QZ534','2015-03-26 01:00:00'),(72421384,'Kelly Mason','42C','JT588','2015-08-11 10:30:00'),(72421444,'Kelly Price','54C','JT588','2015-08-11 10:30:00'),(72421689,'Kelly Taylor','6E','QZ534','2015-03-26 01:00:00'),(72421354,'Kenneth Diaz','36C','JT588','2015-08-11 10:30:00'),(72421499,'Kenneth Peters','5B','JT588','2015-08-15 10:30:00'),(72421305,'Kenneth Stone','26D','JT588','2015-08-11 10:30:00'),(72421389,'Kevin Bryant','43C','JT588','2015-08-11 10:30:00'),(72421232,'Kevin Vasquez','12A','JT588','2015-08-11 10:30:00'),(72421351,'Larry Cook','35E','JT588','2015-08-11 10:30:00'),(72421403,'Larry Elliott','46B','JT588','2015-08-11 10:30:00'),(72421270,'Larry Harper','19D','JT588','2015-08-11 10:30:00'),(72421590,'Lawrence Burke','8B','QZ534','2015-03-19 01:00:00'),(72421789,'Lawrence Chapman','9C','BO2315','2015-04-13 22:30:00'),(72421702,'Lawrence Lynch','9C','QZ534','2015-03-26 01:00:00'),(72421165,'Lee, Kyung Hwa','2B','QZ8501','2014-12-28 05:20:00'),(72421771,'Lillian Cole','5E','BO2315','2015-04-13 22:30:00'),(72421733,'Lillian Gunawan','15D','QZ534','2015-03-26 01:00:00'),(72421479,'Linda Diaz','1B','JT588','2015-08-15 10:30:00'),(72421213,'Linda Holmes','8B','JT588','2015-08-11 10:30:00'),(72421759,'Linda Hunt','3C','BO2315','2015-04-13 22:30:00'),(72421782,'Linda Kennedy','8A','BO2315','2015-04-13 22:30:00'),(72421448,'Linda Lane','55B','JT588','2015-08-11 10:30:00'),(72421468,'Lisa Andrews','59B','JT588','2015-08-11 10:30:00'),(72421787,'Lisa Chavez','9A','BO2315','2015-04-13 22:30:00'),(72421325,'Lisa Olson','30D','JT588','2015-08-11 10:30:00'),(72421375,'Lisa Parker','40D','JT588','2015-08-11 10:30:00'),(72421209,'Lisa Reed','7C','JT588','2015-08-11 10:30:00'),(72421514,'Lisa Wood','8B','JT588','2015-08-15 10:30:00'),(72421437,'Lois Lawrence','53A','JT588','2015-08-11 10:30:00'),(72421803,'Lois Martinez','12B','BO2315','2015-04-13 22:30:00'),(72421605,'Lois Reed','11B','QZ534','2015-03-19 01:00:00'),(72421819,'Lori Duncan','15C','BO2315','2015-04-13 22:30:00'),(72421196,'Lori Hamilton','4E','JT588','2015-08-11 10:30:00'),(72421201,'Lori Jones','5E','JT588','2015-08-11 10:30:00'),(72421700,'Lori Sanders','9A','QZ534','2015-03-26 01:00:00'),(72421711,'Louis Diaz','11B','QZ534','2015-03-26 01:00:00'),(72421334,'Louis Jenkins','32C','JT588','2015-08-11 10:30:00'),(72421224,'Louis Lee','10C','JT588','2015-08-11 10:30:00'),(72421686,'Louise Jones','6B','QZ534','2015-03-26 01:00:00'),(72421726,'Margaret Mitchell','14B','QZ534','2015-03-26 01:00:00'),(72421732,'Maria James','15C','QZ534','2015-03-26 01:00:00'),(72421822,'Marie Adams','16A','BO2315','2015-04-13 22:30:00'),(72421623,'Marie Andrews','14E','QZ534','2015-03-19 01:00:00'),(72421433,'Marie Oliver','52B','JT588','2015-08-11 10:30:00'),(72421744,'Marilyn Allen','17E','QZ534','2015-03-26 01:00:00'),(72421333,'Marilyn Frazier','32B','JT588','2015-08-11 10:30:00'),(72421398,'Marilyn Gutierrez','45B','JT588','2015-08-11 10:30:00'),(72421227,'Marilyn Lawson','11A','JT588','2015-08-11 10:30:00'),(72421579,'Marilyn Porter','6A','QZ534','2015-03-19 01:00:00'),(72421265,'Mark Black','18D','JT588','2015-08-11 10:30:00'),(72421776,'Mark Reynolds','6E','BO2315','2015-04-13 22:30:00'),(72421818,'Mark Rice','15B','BO2315','2015-04-13 22:30:00'),(72421815,'Mark Weaver','14D','BO2315','2015-04-13 22:30:00'),(72421582,'Martha Tucker','6D','QZ534','2015-03-19 01:00:00'),(72421721,'Martha West','13B','QZ534','2015-03-26 01:00:00'),(72421337,'Martha Willis','33A','JT588','2015-08-11 10:30:00'),(72421665,'Martha Wright','2A','QZ534','2015-03-26 01:00:00'),(72421675,'Martin George','4A','QZ534','2015-03-26 01:00:00'),(72421218,'Martin Marshall','9B','JT588','2015-08-11 10:30:00'),(72421780,'Martin Montgomery','7D','BO2315','2015-04-13 22:30:00'),(72421536,'Martin Robertson','12D','JT588','2015-08-15 10:30:00'),(72421684,'Martin Ward','5E','QZ534','2015-03-26 01:00:00'),(72421370,'Mary Hamilton','39D','JT588','2015-08-11 10:30:00'),(72421714,'Matthew Clark','11E','QZ534','2015-03-26 01:00:00'),(72421410,'Matthew Howell','47D','JT588','2015-08-11 10:30:00'),(72421547,'Melissa Alvarez','14E','JT588','2015-08-15 10:30:00'),(72421618,'Melissa Boyd','13E','QZ534','2015-03-19 01:00:00'),(72421254,'Melissa Fox','16C','JT588','2015-08-11 10:30:00'),(72421535,'Melissa Johnston','12C','JT588','2015-08-15 10:30:00'),(72421329,'Melissa Matthews','31C','JT588','2015-08-11 10:30:00'),(72421545,'Melissa Porter','14C','JT588','2015-08-15 10:30:00'),(72421391,'Melissa Robinson','43E','JT588','2015-08-11 10:30:00'),(72421551,'Melissa Washington','15D','JT588','2015-08-15 10:30:00'),(72421350,'Michael Gardner','35D','JT588','2015-08-11 10:30:00'),(72421599,'Michael Graham','10A','QZ534','2015-03-19 01:00:00'),(72421390,'Michael Stone','43D','JT588','2015-08-11 10:30:00'),(72421466,'Michael Warren','58E','JT588','2015-08-11 10:30:00'),(72421316,'Michael Watkins','28E','JT588','2015-08-11 10:30:00'),(72421734,'Michelle Hawkins','15E','QZ534','2015-03-26 01:00:00'),(72421614,'Michelle Jackson','13A','QZ534','2015-03-19 01:00:00'),(72421735,'Michelle Stephens','16A','QZ534','2015-03-26 01:00:00'),(72421203,'Mildred Bishop','6B','JT588','2015-08-11 10:30:00'),(72421245,'Mildred Freeman','14D','JT588','2015-08-11 10:30:00'),(72421651,'Mildred Gonzalez','20C','QZ534','2015-03-19 01:00:00'),(72421284,'Mildred Greene','22C','JT588','2015-08-11 10:30:00'),(72421344,'Mildred Ortiz','34C','JT588','2015-08-11 10:30:00'),(72421607,'Mildred Ruiz','11D','QZ534','2015-03-19 01:00:00'),(72421667,'Mildred Schmidt','2C','QZ534','2015-03-26 01:00:00'),(72421537,'Mildred Stephens','12E','JT588','2015-08-15 10:30:00'),(72421236,'Nancy Richards','12E','JT588','2015-08-11 10:30:00'),(72421720,'Nicholas Ramos','13A','QZ534','2015-03-26 01:00:00'),(72421747,'Nicole Burke','1A','BO2315','2015-04-13 22:30:00'),(72421663,'Nicole Gunawan','1D','QZ534','2015-03-26 01:00:00'),(72421681,'Nicole Hughes','5B','QZ534','2015-03-26 01:00:00'),(72421655,'Nicole Long','21B','QZ534','2015-03-19 01:00:00'),(72421487,'Nicole Moreno','2E','JT588','2015-08-15 10:30:00'),(72421307,'Nicole Murray','27A','JT588','2015-08-11 10:30:00'),(72421554,'Norma Gardner','1A','QZ534','2015-03-19 01:00:00'),(72421228,'Norma Owens','11B','JT588','2015-08-11 10:30:00'),(72421619,'Pamela James','14A','QZ534','2015-03-19 01:00:00'),(72421626,'Pamela Nelson','15C','QZ534','2015-03-19 01:00:00'),(72421490,'Pamela Owens','3C','JT588','2015-08-15 10:30:00'),(72421654,'Pamela Parker','21A','QZ534','2015-03-19 01:00:00'),(72421297,'Pamela Perry','25A','JT588','2015-08-11 10:30:00'),(72421779,'Pamela Roberts','7C','BO2315','2015-04-13 22:30:00'),(72421553,'Pamela West','16A','JT588','2015-08-15 10:30:00'),(72421171,'Park Seongbeom','3D','QZ8501','2014-12-28 05:20:00'),(72421172,'Park Yuna','4A','QZ8501','2014-12-28 05:20:00'),(72421541,'Patricia Wood','13D','JT588','2015-08-15 10:30:00'),(72421458,'Patrick Bowman','57B','JT588','2015-08-11 10:30:00'),(72421624,'Patrick Gunawan','15A','QZ534','2015-03-19 01:00:00'),(72421746,'Patrick Henry','18B','QZ534','2015-03-26 01:00:00'),(72421491,'Paul Gibson','3D','JT588','2015-08-15 10:30:00'),(72421233,'Paul Hughes','12B','JT588','2015-08-11 10:30:00'),(72421542,'Paul Perkins','13E','JT588','2015-08-15 10:30:00'),(72421328,'Paula Miller','31B','JT588','2015-08-11 10:30:00'),(72421395,'Peter Chapman','44D','JT588','2015-08-11 10:30:00'),(72421757,'Peter Fuller','3A','BO2315','2015-04-13 22:30:00'),(72421598,'Peter Hicks','9E','QZ534','2015-03-19 01:00:00'),(72421367,'Peter Knight','39A','JT588','2015-08-11 10:30:00'),(72421594,'Peter Ray','9A','QZ534','2015-03-19 01:00:00'),(72421770,'Philip Garza','5D','BO2315','2015-04-13 22:30:00'),(72421268,'Philip George','19B','JT588','2015-08-11 10:30:00'),(72421258,'Philip Mason','17B','JT588','2015-08-11 10:30:00'),(72421220,'Philip Smith','9D','JT588','2015-08-11 10:30:00'),(72421523,'Phillip Carter','10A','JT588','2015-08-15 10:30:00'),(72421643,'Phillip Tucker','18E','QZ534','2015-03-19 01:00:00'),(72421204,'Phyllis Ferguson','6C','JT588','2015-08-11 10:30:00'),(72421772,'Phyllis Lee','6A','BO2315','2015-04-13 22:30:00'),(72421457,'Phyllis Morales','57A','JT588','2015-08-11 10:30:00'),(72421405,'Phyllis Weaver','46D','JT588','2015-08-11 10:30:00'),(72421563,'Rachel Harper','2E','QZ534','2015-03-19 01:00:00'),(72421804,'Rachel Stanley','12C','BO2315','2015-04-13 22:30:00'),(72421470,'Rachel Torres','59D','JT588','2015-08-11 10:30:00'),(72421447,'Ralph Cunningham','55A','JT588','2015-08-11 10:30:00'),(72421489,'Ralph Howell','3B','JT588','2015-08-15 10:30:00'),(72421414,'Ralph Stanley','48C','JT588','2015-08-11 10:30:00'),(72421526,'Randy Frazier','10D','JT588','2015-08-15 10:30:00'),(72421568,'Randy Tucker','3E','QZ534','2015-03-19 01:00:00'),(72421312,'Raymond Alvarez','28A','JT588','2015-08-11 10:30:00'),(72421418,'Raymond Frazier','49B','JT588','2015-08-11 10:30:00'),(72421814,'Raymond Nelson','14C','BO2315','2015-04-13 22:30:00'),(72421231,'Raymond Palmer','11E','JT588','2015-08-11 10:30:00'),(72421358,'Rebecca Garrett','37B','JT588','2015-08-11 10:30:00'),(72421190,'Rebecca Medina','3D','JT588','2015-08-11 10:30:00'),(72421355,'Rebecca Moore','36D','JT588','2015-08-11 10:30:00'),(72421591,'Rebecca Smith','8C','QZ534','2015-03-19 01:00:00'),(72421572,'Richard Black','4D','QZ534','2015-03-19 01:00:00'),(72421212,'Richard Hernandez','8A','JT588','2015-08-11 10:30:00'),(72421683,'Richard Howard','5D','QZ534','2015-03-26 01:00:00'),(72421807,'Richard Hughes','13A','BO2315','2015-04-13 22:30:00'),(72421609,'Robert Gunawan','12A','QZ534','2015-03-19 01:00:00'),(72421680,'Robert Hansen','5A','QZ534','2015-03-26 01:00:00'),(72421653,'Robert Larson','20E','QZ534','2015-03-19 01:00:00'),(72421791,'Robert Turner','9E','BO2315','2015-04-13 22:30:00'),(72421377,'Robin Carter','41A','JT588','2015-08-11 10:30:00'),(72421777,'Robin Hicks','7A','BO2315','2015-04-13 22:30:00'),(72421575,'Robin Powell','5B','QZ534','2015-03-19 01:00:00'),(72421181,'Robin Simmons','1E','JT588','2015-08-11 10:30:00'),(72421223,'Robin Stephens','10B','JT588','2015-08-11 10:30:00'),(72421477,'Roger Graham','61A','JT588','2015-08-11 10:30:00'),(72421475,'Roger Hamilton','60D','JT588','2015-08-11 10:30:00'),(72421314,'Roger Jones','28C','JT588','2015-08-11 10:30:00'),(72421571,'Ronald Baker','4C','QZ534','2015-03-19 01:00:00'),(72421304,'Ronald Black','26C','JT588','2015-08-11 10:30:00'),(72421612,'Ronald Warren','12D','QZ534','2015-03-19 01:00:00'),(72421421,'Rose Bishop','49E','JT588','2015-08-11 10:30:00'),(72421186,'Rose Jones','2E','JT588','2015-08-11 10:30:00'),(72421369,'Rose Robinson','39C','JT588','2015-08-11 10:30:00'),(72421485,'Roy Knight','2C','JT588','2015-08-15 10:30:00'),(72421808,'Roy Robinson','13B','BO2315','2015-04-13 22:30:00'),(72421324,'Ruby Arnold','30C','JT588','2015-08-11 10:30:00'),(72421636,'Ruby West','17C','QZ534','2015-03-19 01:00:00'),(72421277,'Russell Sanchez','21A','JT588','2015-08-11 10:30:00'),(72421621,'Russell Williamson','14C','QZ534','2015-03-19 01:00:00'),(72421760,'Ruth Alexander','3D','BO2315','2015-04-13 22:30:00'),(72421322,'Ruth Hughes','30A','JT588','2015-08-11 10:30:00'),(72421585,'Ruth Long','7B','QZ534','2015-03-19 01:00:00'),(72421504,'Ruth Morris','6B','JT588','2015-08-15 10:30:00'),(72421246,'Ruth Murphy','14E','JT588','2015-08-11 10:30:00'),(72421728,'Ruth Stanley','14D','QZ534','2015-03-26 01:00:00'),(72421615,'Ruth Woods','13B','QZ534','2015-03-19 01:00:00'),(72421451,'Ryan Collins','55E','JT588','2015-08-11 10:30:00'),(72421794,'Ryan George','10C','BO2315','2015-04-13 22:30:00'),(72421616,'Ryan Hawkins','13C','QZ534','2015-03-19 01:00:00'),(72421184,'Samuel Warren','2C','JT588','2015-08-11 10:30:00'),(72421613,'Sandra Fernandez','12E','QZ534','2015-03-19 01:00:00'),(72421635,'Sandra Sanders','17B','QZ534','2015-03-19 01:00:00'),(72421685,'Sara Long','6A','QZ534','2015-03-26 01:00:00'),(72421439,'Sara Spencer','53C','JT588','2015-08-11 10:30:00'),(72421253,'Sara Stanley','16B','JT588','2015-08-11 10:30:00'),(72421282,'Sarah Chavez','22A','JT588','2015-08-11 10:30:00'),(72421778,'Sarah Holmes','7B','BO2315','2015-04-13 22:30:00'),(72421320,'Sarah King','29D','JT588','2015-08-11 10:30:00'),(72421544,'Sarah Russell','14B','JT588','2015-08-15 10:30:00'),(72421347,'Sarah Welch','35A','JT588','2015-08-11 10:30:00'),(72421753,'Scott Bell','2B','BO2315','2015-04-13 22:30:00'),(72421308,'Scott Peterson','27B','JT588','2015-08-11 10:30:00'),(72421193,'Scott Wagner','4B','JT588','2015-08-11 10:30:00'),(72421251,'Sean Gonzales','15E','JT588','2015-08-11 10:30:00'),(72421768,'Sharon Lynch','5B','BO2315','2015-04-13 22:30:00'),(72421343,'Shawn Andrews','34B','JT588','2015-08-11 10:30:00'),(72421205,'Shawn Cunningham','6D','JT588','2015-08-11 10:30:00'),(72421592,'Shawn Mendoza','8D','QZ534','2015-03-19 01:00:00'),(72421583,'Shawn Stewart','6E','QZ534','2015-03-19 01:00:00'),(72421267,'Shirley Crawford','19A','JT588','2015-08-11 10:30:00'),(72421661,'Shirley Diaz','1B','QZ534','2015-03-26 01:00:00'),(72421724,'Shirley Simmons','13E','QZ534','2015-03-26 01:00:00'),(72421162,'Sia, Soetikno','1C','QZ8501','2014-12-28 05:20:00'),(72421513,'Stephanie Bishop','8A','JT588','2015-08-15 10:30:00'),(72421486,'Stephanie Lawson','2D','JT588','2015-08-15 10:30:00'),(72421638,'Stephanie Snyder','17E','QZ534','2015-03-19 01:00:00'),(72421765,'Stephanie Webb','4D','BO2315','2015-04-13 22:30:00'),(72421495,'Stephen Price','4C','JT588','2015-08-15 10:30:00'),(72421327,'Steve Alexander','31A','JT588','2015-08-11 10:30:00'),(72421580,'Steve Davis','6B','QZ534','2015-03-19 01:00:00'),(72421280,'Steve Jones','21D','JT588','2015-08-11 10:30:00'),(72421660,'Steve Lee','1A','QZ534','2015-03-26 01:00:00'),(72421725,'Steven Bishop','14A','QZ534','2015-03-26 01:00:00'),(72421645,'Steven Fields','19B','QZ534','2015-03-19 01:00:00'),(72421695,'Steven Harrison','8A','QZ534','2015-03-26 01:00:00'),(72421359,'Steven Palmer','37C','JT588','2015-08-11 10:30:00'),(72421317,'Steven Ross','29A','JT588','2015-08-11 10:30:00'),(72421349,'Steven Stewart','35C','JT588','2015-08-11 10:30:00'),(72421310,'Susan Garcia','27D','JT588','2015-08-11 10:30:00'),(72421195,'Susan Wilson','4D','JT588','2015-08-11 10:30:00'),(72421462,'Tammy Ramirez','58A','JT588','2015-08-11 10:30:00'),(72421507,'Teresa Hall','6E','JT588','2015-08-15 10:30:00'),(72421353,'Teresa Owens','36B','JT588','2015-08-11 10:30:00'),(72421488,'Teresa Riley','3A','JT588','2015-08-15 10:30:00'),(72421476,'Terry Day','60E','JT588','2015-08-11 10:30:00'),(72421754,'Theresa Banks','2C','BO2315','2015-04-13 22:30:00'),(72421701,'Theresa Foster','9B','QZ534','2015-03-26 01:00:00'),(72421298,'Theresa Garrett','25B','JT588','2015-08-11 10:30:00'),(72421810,'Theresa Kim','13D','BO2315','2015-04-13 22:30:00'),(72421238,'Theresa Moore','13B','JT588','2015-08-11 10:30:00'),(72421769,'Theresa Nelson','5C','BO2315','2015-04-13 22:30:00'),(72421764,'Thomas Bailey','4C','BO2315','2015-04-13 22:30:00'),(72421673,'Timothy Gilbert','3D','QZ534','2015-03-26 01:00:00'),(72421191,'Tina Castillo','3E','JT588','2015-08-11 10:30:00'),(72421467,'Tina Patterson','59A','JT588','2015-08-11 10:30:00'),(72421589,'Victor Gray','8A','QZ534','2015-03-19 01:00:00'),(72421691,'Victor Olson','7B','QZ534','2015-03-26 01:00:00'),(72421529,'Virginia Hamilton','11B','JT588','2015-08-15 10:30:00'),(72421199,'Virginia Hanson','5C','JT588','2015-08-11 10:30:00'),(72421302,'Virginia Hart','26A','JT588','2015-08-11 10:30:00'),(72421806,'Virginia Hernandez','12E','BO2315','2015-04-13 22:30:00'),(72421587,'Virginia Hicks','7D','QZ534','2015-03-19 01:00:00'),(72421216,'Virginia Lawson','8E','JT588','2015-08-11 10:30:00'),(72421210,'Virginia Little','7D','JT588','2015-08-11 10:30:00'),(72421809,'Virginia Miller','13C','BO2315','2015-04-13 22:30:00'),(72421706,'Virginia Robertson','10B','QZ534','2015-03-26 01:00:00'),(72421287,'Virginia Torres','23A','JT588','2015-08-11 10:30:00'),(72421473,'Virginia Williams','60B','JT588','2015-08-11 10:30:00'),(72421577,'Walter Cook','5D','QZ534','2015-03-19 01:00:00'),(72421796,'Walter Dean','10E','BO2315','2015-04-13 22:30:00'),(72421812,'Walter Fernandez','14A','BO2315','2015-04-13 22:30:00'),(72421340,'Walter Rogers','33D','JT588','2015-08-11 10:30:00'),(72421338,'Walter Williamson','33B','JT588','2015-08-11 10:30:00'),(72421244,'Wanda Collins','14C','JT588','2015-08-11 10:30:00'),(72421336,'Wanda Frazier','32E','JT588','2015-08-11 10:30:00'),(72421564,'Wayne Lynch','3A','QZ534','2015-03-19 01:00:00'),(72421425,'Wayne Peters','50D','JT588','2015-08-11 10:30:00'),(72421813,'Wayne Walker','14B','BO2315','2015-04-13 22:30:00'),(72421774,'William Warren','6C','BO2315','2015-04-13 22:30:00'),(72421668,'Willie Bryant','2D','QZ534','2015-03-26 01:00:00'),(72421321,'Willie Garcia','29E','JT588','2015-08-11 10:30:00'),(72421656,'Willie Henry','21C','QZ534','2015-03-19 01:00:00'),(72421332,'Willie Wood','32A','JT588','2015-08-11 10:30:00'),(72421164,'Yongki, Jou','2A','QZ8501','2014-12-28 05:20:00'),(72421167,'Youvita, Elisabeth','2D','QZ8501','2014-12-28 05:20:00'),(72421168,'Youvito, Brian','3A','QZ8501','2014-12-28 05:20:00'),(72421163,'Yuanita, Jou Christine','1D','QZ8501','2014-12-28 05:20:00');
/*!40000 ALTER TABLE `aboard` ENABLE KEYS */;
UNLOCK TABLES;

--
-- Table structure for table `boeing_737`
--

DROP TABLE IF EXISTS `boeing_737`;
/*!40101 SET @saved_cs_client     = @@character_set_client */;
/*!40101 SET character_set_client = utf8 */;
CREATE TABLE `boeing_737` (
  `kode_pesawat` char(7) NOT NULL,
  `tanggal_masuk` date DEFAULT NULL,
  `no_produksi` int(11) DEFAULT NULL,
  PRIMARY KEY (`kode_pesawat`),
  CONSTRAINT `boeing_737_ibfk_1` FOREIGN KEY (`kode_pesawat`) REFERENCES `pesawat` (`kode_pesawat`)
) ENGINE=InnoDB DEFAULT CHARSET=latin1;
/*!40101 SET character_set_client = @saved_cs_client */;

--
-- Dumping data for table `boeing_737`
--

LOCK TABLES `boeing_737` WRITE;
/*!40000 ALTER TABLE `boeing_737` DISABLE KEYS */;
INSERT INTO `boeing_737` VALUES ('9V-POW','2002-01-01',2044),('9V-ZZZ','2005-04-10',2011),('PK-ALO','2002-01-03',2046),('PK-APO','2002-01-10',2047),('PK-AXE','2000-10-29',2010),('PK-BBB','2002-01-23',2074);
/*!40000 ALTER TABLE `boeing_737` ENABLE KEYS */;
UNLOCK TABLES;

--
-- Table structure for table `cessna`
--

DROP TABLE IF EXISTS `cessna`;
/*!40101 SET @saved_cs_client     = @@character_set_client */;
/*!40101 SET character_set_client = utf8 */;
CREATE TABLE `cessna` (
  `kode_pesawat` char(7) NOT NULL,
  `pabrik` varchar(30) DEFAULT NULL,
  PRIMARY KEY (`kode_pesawat`),
  CONSTRAINT `cessna_ibfk_1` FOREIGN KEY (`kode_pesawat`) REFERENCES `pesawat` (`kode_pesawat`)
) ENGINE=InnoDB DEFAULT CHARSET=latin1;
/*!40101 SET character_set_client = @saved_cs_client */;

--
-- Dumping data for table `cessna`
--

LOCK TABLES `cessna` WRITE;
/*!40000 ALTER TABLE `cessna` DISABLE KEYS */;
INSERT INTO `cessna` VALUES ('9V-XXX','TRI ANGKASA'),('PK-AXD','TRI ANGKASA'),('PK-OLO','TUNGGAL PUTRA ANGKASA'),('PK-WAX','DOA IBU'),('PK-WEI','PANCA TUNGGAL'),('PK-WOL','DWI ANGKASA');
/*!40000 ALTER TABLE `cessna` ENABLE KEYS */;
UNLOCK TABLES;

--
-- Table structure for table `hanggar`
--

DROP TABLE IF EXISTS `hanggar`;
/*!40101 SET @saved_cs_client     = @@character_set_client */;
/*!40101 SET character_set_client = utf8 */;
CREATE TABLE `hanggar` (
  `id_landasan` int(11) NOT NULL DEFAULT '0',
  `no_hanggar` int(11) NOT NULL DEFAULT '0',
  PRIMARY KEY (`id_landasan`,`no_hanggar`),
  CONSTRAINT `hanggar_ibfk_1` FOREIGN KEY (`id_landasan`) REFERENCES `landasan` (`id_landasan`)
) ENGINE=InnoDB DEFAULT CHARSET=latin1;
/*!40101 SET character_set_client = @saved_cs_client */;

--
-- Dumping data for table `hanggar`
--

LOCK TABLES `hanggar` WRITE;
/*!40000 ALTER TABLE `hanggar` DISABLE KEYS */;
INSERT INTO `hanggar` VALUES (1,1),(1,2),(1,3),(2,1),(2,2),(2,3),(3,1),(3,2),(3,3),(4,1),(4,2),(4,3),(5,1),(5,2),(5,3);
/*!40000 ALTER TABLE `hanggar` ENABLE KEYS */;
UNLOCK TABLES;

--
-- Table structure for table `keberangkatan`
--

DROP TABLE IF EXISTS `keberangkatan`;
/*!40101 SET @saved_cs_client     = @@character_set_client */;
/*!40101 SET character_set_client = utf8 */;
CREATE TABLE `keberangkatan` (
  `no_penerbangan` char(8) NOT NULL DEFAULT '',
  `departure_time` datetime NOT NULL DEFAULT '0000-00-00 00:00:00',
  `arrival_time` datetime DEFAULT NULL,
  `kode_pesawat` char(7) DEFAULT NULL,
  PRIMARY KEY (`no_penerbangan`,`departure_time`),
  KEY `kode_pesawat` (`kode_pesawat`),
  CONSTRAINT `keberangkatan_ibfk_1` FOREIGN KEY (`no_penerbangan`) REFERENCES `penerbangan` (`no_penerbangan`),
  CONSTRAINT `keberangkatan_ibfk_2` FOREIGN KEY (`kode_pesawat`) REFERENCES `pesawat` (`kode_pesawat`)
) ENGINE=InnoDB DEFAULT CHARSET=latin1;
/*!40101 SET character_set_client = @saved_cs_client */;

--
-- Dumping data for table `keberangkatan`
--

LOCK TABLES `keberangkatan` WRITE;
/*!40000 ALTER TABLE `keberangkatan` DISABLE KEYS */;
INSERT INTO `keberangkatan` VALUES ('BO2315','2015-04-13 22:30:00','2015-04-13 01:30:00','PK-WOL'),('BO2315','2015-04-20 22:30:00','2015-04-20 01:30:00','PK-WOL'),('BO2315','2015-04-27 22:30:00','2015-04-27 01:30:00','PK-WOL'),('BO2315','2015-05-03 22:30:00','2015-05-03 01:30:00','PK-WOL'),('BO2315','2015-05-10 22:30:00','2015-05-10 01:30:00','PK-WOL'),('BO2315','2015-05-17 22:30:00','2015-05-17 01:30:00','PK-WOL'),('BO919','2015-04-01 18:30:00','2015-04-01 21:30:00','PK-OLO'),('BO919','2015-04-08 18:30:00','2015-04-08 21:30:00','PK-OLO'),('BO919','2015-04-15 18:30:00','2015-04-15 21:30:00','PK-OLO'),('BO919','2015-04-22 18:30:00','2015-04-22 21:30:00','PK-OLO'),('BO919','2015-04-29 18:30:00','2015-04-29 21:30:00','PK-OLO'),('BO919','2015-05-05 18:30:00','2015-05-05 21:30:00','PK-OLO'),('BO9871','2015-04-22 16:00:00','2015-04-22 19:00:00','PK-WOL'),('BO9871','2015-04-29 16:00:00','2015-04-29 19:00:00','PK-WOL'),('BO9871','2015-05-06 16:00:00','2015-05-06 19:00:00','PK-WOL'),('BO9871','2015-05-13 16:00:00','2015-05-13 19:00:00','PK-WOL'),('BO9871','2015-05-20 16:00:00','2015-05-20 19:00:00','PK-WOL'),('BO9871','2015-05-27 16:00:00','2015-05-27 19:00:00','PK-WOL'),('GA670','2015-03-22 23:00:00','2015-03-22 02:00:00','PK-APO'),('GA670','2015-03-29 23:00:00','2015-03-29 02:00:00','PK-APO'),('GA670','2015-04-05 23:00:00','2015-04-05 02:00:00','PK-APO'),('GA670','2015-04-12 23:00:00','2015-04-12 02:00:00','PK-APO'),('GA670','2015-04-19 23:00:00','2015-04-19 02:00:00','PK-APO'),('GA670','2015-04-22 23:00:00','2015-04-22 02:00:00','PK-APO'),('GA790','2015-04-09 07:30:00','2015-04-09 10:30:00','PK-WAX'),('GA790','2015-04-16 07:30:00','2015-04-16 10:30:00','PK-WAX'),('GA790','2015-04-23 07:30:00','2015-04-23 10:30:00','PK-WAX'),('GA790','2015-04-30 07:30:00','2015-04-30 10:30:00','PK-WAX'),('GA790','2015-05-07 07:30:00','2015-05-07 10:30:00','PK-WAX'),('GA790','2015-05-14 07:30:00','2015-05-14 10:30:00','PK-WAX'),('GA8609','2015-03-27 05:30:00','2015-03-27 08:30:00','PK-AXD'),('GA8609','2015-04-03 05:30:00','2015-04-03 08:30:00','PK-AXD'),('GA8609','2015-04-10 05:30:00','2015-04-10 08:30:00','PK-AXD'),('GA8609','2015-04-17 05:30:00','2015-04-17 08:30:00','PK-AXD'),('GA8609','2015-04-24 05:30:00','2015-04-24 08:30:00','PK-AXD'),('GA8609','2015-05-01 05:30:00','2015-05-01 08:30:00','PK-AXD'),('GA9314','2015-04-01 18:30:00','2015-04-01 21:30:00','PK-AXD'),('GA9314','2015-04-08 18:30:00','2015-04-08 21:30:00','PK-AXD'),('GA9314','2015-04-15 18:30:00','2015-04-15 21:30:00','PK-AXD'),('GA9314','2015-04-22 18:30:00','2015-04-22 21:30:00','PK-AXD'),('GA9314','2015-04-29 18:30:00','2015-04-29 21:30:00','PK-AXD'),('GA9314','2015-05-04 18:30:00','2015-05-04 21:30:00','PK-AXD'),('ID351','2015-03-22 06:00:00','2015-03-22 09:00:00','PK-OPO'),('ID351','2015-03-29 06:00:00','2015-03-29 09:00:00','PK-OPO'),('ID351','2015-04-05 06:00:00','2015-04-05 09:00:00','PK-OPO'),('ID351','2015-04-12 06:00:00','2015-04-12 09:00:00','PK-OPO'),('ID351','2015-04-19 06:00:00','2015-04-19 09:00:00','PK-OPO'),('ID351','2015-04-26 06:00:00','2015-04-26 09:00:00','PK-OPO'),('ID390','2015-04-13 14:00:00','2015-04-13 17:00:00','PK-XXX'),('ID390','2015-04-20 14:00:00','2015-04-20 17:00:00','PK-XXX'),('ID390','2015-04-27 14:00:00','2015-04-27 17:00:00','PK-XXX'),('ID390','2015-05-04 14:00:00','2015-05-04 17:00:00','PK-XXX'),('ID390','2015-05-11 14:00:00','2015-05-11 17:00:00','PK-XXX'),('ID390','2015-05-18 14:00:00','2015-05-18 17:00:00','PK-XXX'),('ID433','2015-03-22 02:00:00','2015-03-22 05:30:00','PK-WEI'),('ID433','2015-03-29 02:00:00','2015-03-29 05:30:00','PK-WEI'),('ID433','2015-04-05 02:00:00','2015-04-05 05:30:00','PK-WEI'),('ID433','2015-04-12 02:00:00','2015-04-12 05:30:00','PK-WEI'),('ID433','2015-04-19 02:00:00','2015-04-19 05:30:00','PK-WEI'),('ID433','2015-04-26 02:00:00','2015-04-26 05:30:00','PK-WEI'),('ID811','2015-04-01 20:30:00','2015-04-01 23:30:00','PK-OPO'),('ID811','2015-04-08 20:30:00','2015-04-08 23:30:00','PK-OPO'),('ID811','2015-04-15 20:30:00','2015-04-15 23:30:00','PK-OPO'),('ID811','2015-04-22 20:30:00','2015-04-22 23:30:00','PK-OPO'),('ID811','2015-04-29 20:30:00','2015-04-29 23:30:00','PK-OPO'),('ID811','2015-05-05 20:30:00','2015-05-05 23:30:00','PK-OPO'),('JT268','2015-03-24 07:30:00','2015-03-24 10:30:00','PK-WAL'),('JT268','2015-03-31 07:30:00','2015-03-31 10:30:00','PK-WAL'),('JT268','2015-04-07 07:30:00','2015-04-07 10:30:00','PK-WAL'),('JT268','2015-04-14 07:30:00','2015-04-14 10:30:00','PK-WAL'),('JT268','2015-04-21 07:30:00','2015-04-21 10:30:00','PK-WAL'),('JT268','2015-04-28 07:30:00','2015-04-28 10:30:00','PK-WAL'),('JT588','2015-08-11 10:30:00','2015-08-11 11:30:00','PK-BBB'),('JT588','2015-08-15 10:30:00','2015-08-15 11:30:00','PK-BBB'),('JT588','2015-08-18 10:30:00','2015-08-18 11:30:00','PK-BBB'),('JT588','2015-08-22 10:30:00','2015-08-22 11:30:00','PK-BBB'),('JT6261','2015-04-04 14:30:00','2015-04-04 17:30:00','PK-BBB'),('JT6261','2015-04-11 14:30:00','2015-04-11 17:30:00','PK-BBB'),('JT6261','2015-04-13 14:30:00','2015-04-13 17:30:00','PK-BBB'),('JT6261','2015-04-18 14:30:00','2015-04-18 17:30:00','PK-BBB'),('JT6261','2015-04-20 14:30:00','2015-04-20 17:30:00','PK-BBB'),('JT6261','2015-04-27 14:30:00','2015-04-27 17:30:00','PK-BBB'),('JT722','2015-03-24 03:30:00','2015-03-24 06:30:00','PK-ALO'),('JT722','2015-03-31 03:30:00','2015-03-31 06:30:00','PK-ALO'),('JT722','2015-04-07 03:30:00','2015-04-07 06:30:00','PK-ALO'),('JT722','2015-04-14 03:30:00','2015-04-14 06:30:00','PK-ALO'),('JT722','2015-04-21 03:30:00','2015-04-21 06:30:00','PK-ALO'),('JT722','2015-04-28 03:30:00','2015-04-28 06:30:00','PK-ALO'),('QZ243','2015-04-10 07:30:00','2015-04-10 10:30:00','9M-BXX'),('QZ243','2015-04-17 07:30:00','2015-04-17 10:30:00','9M-BXX'),('QZ243','2015-04-24 07:30:00','2015-04-24 10:30:00','9M-BXX'),('QZ243','2015-05-01 07:30:00','2015-05-01 10:30:00','9M-BXX'),('QZ243','2015-05-08 07:30:00','2015-05-08 10:30:00','9M-BXX'),('QZ243','2015-05-15 07:30:00','2015-05-15 10:30:00','9M-BXX'),('QZ534','2015-03-19 01:00:00','2015-03-19 04:00:00','PK-AXE'),('QZ534','2015-03-26 01:00:00','2015-03-26 04:00:00','PK-AXE'),('QZ534','2015-04-02 01:00:00','2015-04-02 04:00:00','PK-AXE'),('QZ534','2015-04-09 01:00:00','2015-04-09 04:00:00','PK-AXE'),('QZ534','2015-04-16 01:00:00','2015-04-16 04:00:00','PK-AXE'),('QZ534','2015-04-23 01:00:00','2015-04-23 04:00:00','PK-AXE'),('QZ8501','2014-12-28 05:20:00','2014-12-28 08:30:00','PK-AXC'),('QZ8501','2015-01-04 05:20:00','2015-01-04 08:30:00','PK-AXC'),('QZ886','2015-03-25 05:30:00','2015-03-25 08:30:00','9M-BXX'),('QZ886','2015-04-01 05:30:00','2015-04-01 08:30:00','9M-BXX'),('QZ886','2015-04-08 05:30:00','2015-04-08 08:30:00','9M-BXX'),('QZ886','2015-04-15 05:30:00','2015-04-15 08:30:00','9M-BXX'),('QZ886','2015-04-22 05:30:00','2015-04-22 08:30:00','9M-BXX'),('QZ886','2015-04-29 05:30:00','2015-04-29 08:30:00','9M-BXX'),('QZ886','2015-05-06 05:30:00','2015-05-06 08:30:00','9M-BXX'),('SQ6515','2015-04-20 21:00:00','2015-04-20 00:00:00','9V-POW'),('SQ6515','2015-04-27 21:00:00','2015-04-27 00:00:00','9V-POW'),('SQ6515','2015-05-04 21:00:00','2015-05-04 00:00:00','9V-POW'),('SQ6515','2015-05-11 21:00:00','2015-05-11 00:00:00','9V-POW'),('SQ6515','2015-05-18 21:00:00','2015-05-18 00:00:00','9V-POW'),('SQ6515','2015-05-25 21:00:00','2015-05-25 00:00:00','9V-POW'),('SQ8512','2015-04-20 23:00:00','2015-04-20 02:00:00','9V-ZZZ'),('SQ8512','2015-04-27 23:00:00','2015-04-27 02:00:00','9V-ZZZ'),('SQ8512','2015-05-04 23:00:00','2015-05-04 02:00:00','9V-ZZZ'),('SQ8512','2015-05-11 23:00:00','2015-05-11 02:00:00','9V-ZZZ'),('SQ8512','2015-05-18 23:00:00','2015-05-18 02:00:00','9V-ZZZ'),('SQ8512','2015-05-23 23:00:00','2015-05-23 02:00:00','9V-ZZZ');
/*!40000 ALTER TABLE `keberangkatan` ENABLE KEYS */;
UNLOCK TABLES;

--
-- Table structure for table `landasan`
--

DROP TABLE IF EXISTS `landasan`;
/*!40101 SET @saved_cs_client     = @@character_set_client */;
/*!40101 SET character_set_client = utf8 */;
CREATE TABLE `landasan` (
  `id_landasan` int(11) NOT NULL DEFAULT '0',
  `kapasitas_maksimum` int(10) unsigned DEFAULT NULL,
  PRIMARY KEY (`id_landasan`)
) ENGINE=InnoDB DEFAULT CHARSET=latin1;
/*!40101 SET character_set_client = @saved_cs_client */;

--
-- Dumping data for table `landasan`
--

LOCK TABLES `landasan` WRITE;
/*!40000 ALTER TABLE `landasan` DISABLE KEYS */;
INSERT INTO `landasan` VALUES (1,10),(2,10),(3,10),(4,10),(5,10);
/*!40000 ALTER TABLE `landasan` ENABLE KEYS */;
UNLOCK TABLES;

--
-- Table structure for table `maskapai`
--

DROP TABLE IF EXISTS `maskapai`;
/*!40101 SET @saved_cs_client     = @@character_set_client */;
/*!40101 SET character_set_client = utf8 */;
CREATE TABLE `maskapai` (
  `no_perusahaan` int(11) NOT NULL,
  `nama` varchar(50) DEFAULT NULL,
  PRIMARY KEY (`no_perusahaan`)
) ENGINE=InnoDB DEFAULT CHARSET=latin1;
/*!40101 SET character_set_client = @saved_cs_client */;

--
-- Dumping data for table `maskapai`
--

LOCK TABLES `maskapai` WRITE;
/*!40000 ALTER TABLE `maskapai` DISABLE KEYS */;
INSERT INTO `maskapai` VALUES (1,'SINGA AIR'),(2,'GIA'),(3,'AIR ASIA'),(4,'SINGAPORE AIRLINES'),(5,'BATIK AIR'),(6,'BOURAQ');
/*!40000 ALTER TABLE `maskapai` ENABLE KEYS */;
UNLOCK TABLES;

--
-- Table structure for table `maskapai_domestik`
--

DROP TABLE IF EXISTS `maskapai_domestik`;
/*!40101 SET @saved_cs_client     = @@character_set_client */;
/*!40101 SET character_set_client = utf8 */;
CREATE TABLE `maskapai_domestik` (
  `no_perusahaan` int(11) NOT NULL,
  `no_surat_kemenhub` char(16) DEFAULT NULL,
  PRIMARY KEY (`no_perusahaan`),
  CONSTRAINT `maskapai_domestik_ibfk_1` FOREIGN KEY (`no_perusahaan`) REFERENCES `maskapai` (`no_perusahaan`)
) ENGINE=InnoDB DEFAULT CHARSET=latin1;
/*!40101 SET character_set_client = @saved_cs_client */;

--
-- Dumping data for table `maskapai_domestik`
--

LOCK TABLES `maskapai_domestik` WRITE;
/*!40000 ALTER TABLE `maskapai_domestik` DISABLE KEYS */;
INSERT INTO `maskapai_domestik` VALUES (1,'MENHUB/2009/33'),(2,'MENHUB/2001/103'),(5,'MENHUB/2014/1919'),(6,'MENHUB/1999/109');
/*!40000 ALTER TABLE `maskapai_domestik` ENABLE KEYS */;
UNLOCK TABLES;

--
-- Table structure for table `maskapai_internasional`
--

DROP TABLE IF EXISTS `maskapai_internasional`;
/*!40101 SET @saved_cs_client     = @@character_set_client */;
/*!40101 SET character_set_client = utf8 */;
CREATE TABLE `maskapai_internasional` (
  `no_perusahaan` int(11) NOT NULL,
  `no_surat_izin` char(16) DEFAULT NULL,
  `negara` char(2) DEFAULT NULL,
  PRIMARY KEY (`no_perusahaan`),
  CONSTRAINT `maskapai_internasional_ibfk_1` FOREIGN KEY (`no_perusahaan`) REFERENCES `maskapai` (`no_perusahaan`)
) ENGINE=InnoDB DEFAULT CHARSET=latin1;
/*!40101 SET character_set_client = @saved_cs_client */;

--
-- Dumping data for table `maskapai_internasional`
--

LOCK TABLES `maskapai_internasional` WRITE;
/*!40000 ALTER TABLE `maskapai_internasional` DISABLE KEYS */;
INSERT INTO `maskapai_internasional` VALUES (3,'SUB/1995/2','MY'),(4,'SUB/2005/23','SG');
/*!40000 ALTER TABLE `maskapai_internasional` ENABLE KEYS */;
UNLOCK TABLES;

--
-- Table structure for table `memiliki_tempat_hanggar`
--

DROP TABLE IF EXISTS `memiliki_tempat_hanggar`;
/*!40101 SET @saved_cs_client     = @@character_set_client */;
/*!40101 SET character_set_client = utf8 */;
CREATE TABLE `memiliki_tempat_hanggar` (
  `no_perusahaan` int(11) NOT NULL DEFAULT '0',
  `no_hanggar` int(11) NOT NULL DEFAULT '0',
  `id_landasan` int(11) NOT NULL DEFAULT '0',
  PRIMARY KEY (`no_perusahaan`,`no_hanggar`,`id_landasan`),
  KEY `id_landasan` (`id_landasan`,`no_hanggar`),
  CONSTRAINT `memiliki_tempat_hanggar_ibfk_1` FOREIGN KEY (`no_perusahaan`) REFERENCES `maskapai` (`no_perusahaan`),
  CONSTRAINT `memiliki_tempat_hanggar_ibfk_2` FOREIGN KEY (`id_landasan`, `no_hanggar`) REFERENCES `hanggar` (`id_landasan`, `no_hanggar`)
) ENGINE=InnoDB DEFAULT CHARSET=latin1;
/*!40101 SET character_set_client = @saved_cs_client */;

--
-- Dumping data for table `memiliki_tempat_hanggar`
--

LOCK TABLES `memiliki_tempat_hanggar` WRITE;
/*!40000 ALTER TABLE `memiliki_tempat_hanggar` DISABLE KEYS */;
INSERT INTO `memiliki_tempat_hanggar` VALUES (5,1,1),(3,2,1),(2,3,1),(4,3,1),(3,1,3),(5,2,3),(2,1,4),(2,3,4),(3,1,5),(1,2,5),(1,3,5),(6,3,5);
/*!40000 ALTER TABLE `memiliki_tempat_hanggar` ENABLE KEYS */;
UNLOCK TABLES;

--
-- Table structure for table `penerbangan`
--

DROP TABLE IF EXISTS `penerbangan`;
/*!40101 SET @saved_cs_client     = @@character_set_client */;
/*!40101 SET character_set_client = utf8 */;
CREATE TABLE `penerbangan` (
  `no_penerbangan` char(8) NOT NULL,
  `asal` char(3) DEFAULT NULL,
  `tujuan` char(3) DEFAULT NULL,
  PRIMARY KEY (`no_penerbangan`)
) ENGINE=InnoDB DEFAULT CHARSET=latin1;
/*!40101 SET character_set_client = @saved_cs_client */;

--
-- Dumping data for table `penerbangan`
--

LOCK TABLES `penerbangan` WRITE;
/*!40000 ALTER TABLE `penerbangan` DISABLE KEYS */;
INSERT INTO `penerbangan` VALUES ('BO2315','DEL','SUB'),('BO919','BUA','SUB'),('BO9871','MKQ','SUB'),('GA670','SUB','BDO'),('GA790','SUB','PEN'),('GA8609','BPN','SUB'),('GA9314','BKA','SUB'),('ID351','SUB','BDO'),('ID390','SUB','KLU'),('ID433','BDO','SUB'),('ID811','MLN','SUB'),('JT268','SUB','CTS'),('JT588','CGK','SUB'),('JT6261','DJJ','SUB'),('JT722','SUB','BTH'),('QZ243','WUB','SUB'),('QZ534','SUB','PEN'),('QZ8501','SUB','SIN'),('QZ886','SUB','CAN'),('SQ6515','SUB','GNS'),('SQ8512','SUB','PKY');
/*!40000 ALTER TABLE `penerbangan` ENABLE KEYS */;
UNLOCK TABLES;

--
-- Table structure for table `penumpang`
--

DROP TABLE IF EXISTS `penumpang`;
/*!40101 SET @saved_cs_client     = @@character_set_client */;
/*!40101 SET character_set_client = utf8 */;
CREATE TABLE `penumpang` (
  `nama` char(36) NOT NULL,
  PRIMARY KEY (`nama`)
) ENGINE=InnoDB DEFAULT CHARSET=latin1;
/*!40101 SET character_set_client = @saved_cs_client */;

--
-- Dumping data for table `penumpang`
--

LOCK TABLES `penumpang` WRITE;
/*!40000 ALTER TABLE `penumpang` DISABLE KEYS */;
INSERT INTO `penumpang` VALUES ('Aaron Ford'),('Aaron Gutierrez'),('Aaron Jenkins'),('Aaron Powell'),('Adam Anderson'),('Adam Chapman'),('Adam Hamilton'),('Adam Harrison'),('Adam Henry'),('Adam Johnston'),('Adam Peters'),('Adam Riley'),('Adam Taylor'),('Alain Oktavianus Siauw'),('Alan Carter'),('Alan Diaz'),('Alan Hart'),('Albert Alexander'),('Albert Day'),('Albert Foster'),('Albert Ramirez'),('Albert Wood'),('Alice Gray'),('Alice Kennedy'),('Alice Sims'),('Alice Wagner'),('Amanda Allen'),('Amanda Duncan'),('Amanda Flores'),('Amanda Hamilton'),('Amy Burton'),('Amy Duncan'),('Amy Elliott'),('Amy Fowler'),('Amy Kennedy'),('Andrea Franklin'),('Andrea Warren'),('Andrew Crawford'),('Andrew Frazier'),('Andrew Harrison'),('Andrew Perkins'),('Angela Burns'),('Angela Lane'),('Angela Ortiz'),('Angela Williams'),('Angelina Ong'),('Anggraini, Monica'),('Ann Graham'),('Ann Gray'),('Ann Hamilton'),('Ann Hicks'),('Ann Mendoza'),('Ann Meyer'),('Ann Stephens'),('Anna Burns'),('Anna Clark'),('Anna Lopez'),('Anna Mason'),('Anna Medina'),('Anna Nichols'),('Anna Patterson'),('Anna Robinson'),('Anna Snyder'),('Anne Arnold'),('Anne Davis'),('Anne Sanders'),('Anne Weaver'),('Annie Alexander'),('Annie Bryant'),('Annie Franklin'),('Annie Green'),('Annie Jones'),('Annie Long'),('Annie Richards'),('Annie Sims'),('Annie Snyder'),('Anthony Gutierrez'),('Antonio Castillo'),('Antonio Gunawan'),('Antonio Jordan'),('Antonio Kelley'),('Arthur Chavez'),('Arthur Cunningham'),('Arthur Diaz'),('Arthur Marshall'),('Arthur Payne'),('Arthur Rodriguez'),('Arthur Wood'),('Ashley Cooper'),('Ashley Moreno'),('Ashley Morgan'),('Ashley Oliver'),('Ashley Perkins'),('Ashley Walker'),('Ashley Willis'),('Ashley Wilson'),('Barbara Dean'),('Barbara Kennedy'),('Barbara Little'),('Barbara Morrison'),('Barbara Rose'),('Barbara Weaver'),('Benjamin Mills'),('Benjamin Reyes'),('Benjamin Sanders'),('Betty Murphy'),('Betty Peters'),('Beverly Butler'),('Beverly Carroll'),('Beverly Clark'),('Beverly Johnston'),('Beverly Welch'),('Billy Butler'),('Billy Howard'),('Billy Spencer'),('Billy Young'),('Bobby Burton'),('Bobby Harper'),('Bobby Hart'),('Bobby Morgan'),('Bobby Morris'),('Bobby Nguyen'),('Bobby Porter'),('Bobby Richardson'),('Bonnie Bradley'),('Bonnie Greene'),('Bonnie Lewis'),('Bonnie Lopez'),('Bonnie Ryan'),('Bonnie Wells'),('Brandon Banks'),('Brandon Henry'),('Brandon Hernandez'),('Brandon Kennedy'),('Brandon Lopez'),('Brandon Meyer'),('Brandon Rose'),('Brenda Coleman'),('Brenda Flores'),('Brenda Gutierrez'),('Brenda Perkins'),('Brian Gibson'),('Brian Hall'),('Brian Hayes'),('Brian Jacobs'),('Brian Kelley'),('Brian Oliver'),('Brian Porter'),('Brian Ward'),('Bruce Burton'),('Bruce Crawford'),('Bruce Garza'),('Bruce Gunawan'),('Bruce Harrison'),('Carlos Medina'),('Carol Andrews'),('Carol Brown'),('Carol Fuller'),('Carol Hughes'),('Carol Watson'),('Carol West'),('Carol Wood'),('Carolyn Alexander'),('Carolyn Banks'),('Carolyn Fisher'),('Catherine Diaz'),('Catherine Green'),('Catherine Lee'),('Catherine Murray'),('Catherine Nguyen'),('Catherine Richardson'),('Catherine Stewart'),('Charles Adams'),('Charles Cunningham'),('Cheryl Lee'),('Cheryl Price'),('Choi, Chi Man'),('Choi, Zoe Man Suen'),('Chris Bailey'),('Chris Castillo'),('Chris Price'),('Christina Baker'),('Christina Boyd'),('Christina Chapman'),('Christina Harper'),('Christina Henry'),('Christine Gonzales'),('Christine Lewis'),('Christine Long'),('Christine Peters'),('Christopher Campbell'),('Christopher Nelson'),('Christopher Smith'),('Christopher Weaver'),('Clarence Boyd'),('Clarence Carter'),('Clarence Fields'),('Clarence Gutierrez'),('Clarence Mendoza'),('Clarence Meyer'),('Clarence Payne'),('Clarence Peters'),('Clarence Ramos'),('Clarence Sanders'),('Craig Franklin'),('Craig Hunter'),('Craig Medina'),('Craig Nichols'),('Craig Young'),('Cynthia Anderson'),('Cynthia Edwards'),('Cynthia Green'),('Cynthia Hall'),('Cynthia Harvey'),('Cynthia Howell'),('Cynthia Lawrence'),('Cynthia Reyes'),('Cynthia Rose'),('Daniel Bradley'),('Daniel Fox'),('Daniel Kelly'),('Daniel Richardson'),('Daniel Roberts'),('Daniel Spencer'),('David Harper'),('David Moreno'),('David Richardson'),('David Wood'),('Deborah Black'),('Deborah Chapman'),('Deborah Myers'),('Deborah Richardson'),('Debra Cole'),('Debra Franklin'),('Debra Mcdonald'),('Debra Morales'),('Denise Anderson'),('Denise Gutierrez'),('Denise Thomas'),('Denise Willis'),('Diana Cooper'),('Diana Ramirez'),('Diana Thompson'),('Diana Torres'),('Diane Arnold'),('Diane Bishop'),('Diane Fowler'),('Diane Greene'),('Diane Reed'),('Donald Hicks'),('Donald Reed'),('Donald Robinson'),('Donald Wheeler'),('Donna Burke'),('Donna Burton'),('Donna Foster'),('Donna Harris'),('Donna Kelley'),('Donna Porter'),('Donna Smith'),('Donna Spencer'),('Doris Evans'),('Doris Fisher'),('Doris Lopez'),('Doris Miller'),('Doris Perez'),('Doris Ryan'),('Doris Simpson'),('Dorothy Andrews'),('Dorothy Harris'),('Dorothy Morgan'),('Dorothy Payne'),('Dorothy Williamson'),('Douglas Allen'),('Douglas Dean'),('Douglas Evans'),('Earl Butler'),('Earl Garza'),('Earl Little'),('Earl Ramos'),('Edward Banks'),('Edward Boyd'),('Edward Cruz'),('Edward Kelly'),('Edward Ryan'),('Edward Sanchez'),('Edward Wright'),('Elizabeth Foster'),('Elizabeth Kim'),('Elizabeth Meyer'),('Elizabeth Montgomery'),('Elizabeth Morris'),('Elizabeth Murphy'),('Elizabeth Torres'),('Elizabeth Wright'),('Emily Bradley'),('Emily Cunningham'),('Emily Ferguson'),('Emily Fernandez'),('Emily Jackson'),('Emily Kim'),('Emily Stevens'),('Eric Diaz'),('Eric Dixon'),('Eric Jones'),('Eric Kim'),('Eric Matthews'),('Eric Payne'),('Eric Porter'),('Eric Russell'),('Ernest Davis'),('Ernest Gonzales'),('Ernest Mitchell'),('Eugene Cox'),('Eugene Daniels'),('Eugene Kim'),('Eugene Mitchell'),('Eugene Reed'),('Eugene Rice'),('Eugene Rodriguez'),('Evelyn Franklin'),('Evelyn Gibson'),('Evelyn Harrison'),('Evelyn Hudson'),('Evelyn Johnston'),('Evelyn Richardson'),('Febriantus Edward'),('Fei Joe Jeng'),('Frances Nichols'),('Frances Robinson'),('Frank Brown'),('Frank Edwards'),('Frank Foster'),('Frank Myers'),('Frank Reed'),('Frank Riley'),('Fred Alexander'),('Fred Day'),('Fred Howard'),('Fred Long'),('Fred Palmer'),('Gary Fowler'),('Gary Kim'),('Gary Riley'),('George Butler'),('George Sanders'),('George Williamson'),('Gerald Burns'),('Gerald Nelson'),('Gerald Rogers'),('Gerald Simpson'),('Gloria Knight'),('Gloria Martin'),('Gloria Mendoza'),('Gloria Nichols'),('Go, Feilensia Sularmo'),('Gregory Berry'),('Gregory Burns'),('Gregory Richards'),('Haripin, Sukiatna'),('Harold Diaz'),('Harold Nguyen'),('Harold Powell'),('Harold Washington'),('Harry Hunt'),('Harry Meyer'),('Heather Flores'),('Heather Gordon'),('Heather Gray'),('Heather Jordan'),('Heather Lane'),('Heather Lee'),('Heather Rodriguez'),('Helen Hamilton'),('Helen White'),('Henry Gonzalez'),('Henry Martinez'),('Henry Taylor'),('Howard Allen'),('Howard Andrews'),('Howard Burton'),('Howard Cook'),('Howard Diaz'),('Howard Freeman'),('Howard Matthews'),('Howard Mccoy'),('Howard Rodriguez'),('Howard Williamson'),('Howard Willis'),('Irene Duncan'),('Irene Myers'),('Irene Ortiz'),('Irene Perez'),('Irene Simpson'),('Irene Wheeler'),('Jack Bailey'),('Jack Carter'),('Jack Chavez'),('Jack Cox'),('Jack Peters'),('Jacqueline Fisher'),('Jacqueline Freeman'),('Jacqueline Riley'),('Jacqueline Vasquez'),('James Bradley'),('James Carr'),('James Hall'),('James Mason'),('James Wilson'),('Jane Armstrong'),('Jane Clark'),('Jane Little'),('Jane Ramos'),('Janet Andrews'),('Janet Baker'),('Janet Butler'),('Janet Carter'),('Janet Fields'),('Janet Gibson'),('Janet Gunawan'),('Janet Scott'),('Janet Snyder'),('Janet Stephens'),('Janice Bishop'),('Janice Ramos'),('Janice Ray'),('Janice West'),('Janice Williamson'),('Jason Cunningham'),('Jason Hicks'),('Jason Lopez'),('Jason Richards'),('Jason Rogers'),('Jason Spencer'),('Jean Bailey'),('Jean Black'),('Jean Dunn'),('Jean Griffin'),('Jean Perkins'),('Jean Richardson'),('Jeffrey Hernandez'),('Jennifer Gonzalez'),('Jennifer Owens'),('Jennifer Parker'),('Jennifer Stewart'),('Jennifer Thomas'),('Jeremy Bailey'),('Jeremy Dunn'),('Jeremy Garcia'),('Jeremy Green'),('Jeremy Harvey'),('Jeremy Palmer'),('Jeremy Richardson'),('Jeremy Scott'),('Jerry Clark'),('Jerry Oliver'),('Jerry Sullivan'),('Jerry Washington'),('Jerry Wood'),('Jesse Burns'),('Jesse Carr'),('Jesse Ferguson'),('Jesse Lawrence'),('Jesse Owens'),('Jesse Perez'),('Jesse Warren'),('Jessica Boyd'),('Jessica Collins'),('Jessica Cook'),('Jessica Fisher'),('Jessica Ray'),('Jessica Smith'),('Jimmy Flores'),('Jimmy Kelley'),('Jimmy King'),('Joan Cunningham'),('Joan Moreno'),('Joan Ramos'),('Joe Bowman'),('Joe Chavez'),('Joe Ford'),('Joe Frazier'),('Joe Gutierrez'),('Joe Harrison'),('Joe Kelley'),('Joe West'),('John Allen'),('John Holmes'),('John Price'),('John Webb'),('Johnny Gordon'),('Johnny Hughes'),('Johnny Johnson'),('Johnny Mccoy'),('Johnny Scott'),('Jonathan Bishop'),('Jonathan Dunn'),('Jonathan Hanson'),('Jonathan Hicks'),('Jonathan Romero'),('Jonathan Schmidt'),('Jose Day'),('Jose Dixon'),('Jose Fields'),('Jose Stevens'),('Jose Vasquez'),('Jose Wallace'),('Jose Webb'),('Joseph Hill'),('Joseph Johnson'),('Joseph Morgan'),('Joseph Murray'),('Joseph Russell'),('Joseph Schmidt'),('Joshua Campbell'),('Joshua Carter'),('Joshua Ellis'),('Joshua Ferguson'),('Joshua Harper'),('Joyce Alvarez'),('Joyce Green'),('Joyce Jackson'),('Joyce Ross'),('Juan Hayes'),('Juan Jacobs'),('Juan Olson'),('Juan Thomas'),('Judith Burke'),('Judith Ellis'),('Judith Reynolds'),('Judith Robertson'),('Judith Washington'),('Judy Carroll'),('Judy Cook'),('Judy Fields'),('Judy Howell'),('Judy Lawrence'),('Judy Marshall'),('Judy Ortiz'),('Judy Powell'),('Julia Berry'),('Julia Bryant'),('Julia Kelley'),('Julia Nichols'),('Julia Wells'),('Julie Carr'),('Julie Cook'),('Julie Hill'),('Julie Hunter'),('Julie Murray'),('Julie Rogers'),('Julie Young'),('Justin Burke'),('Justin Fernandez'),('Justin Gordon'),('Justin Meyer'),('Justin Thomas'),('Justin West'),('Justin Wood'),('Karen Davis'),('Karen Moore'),('Karen Nelson'),('Karen Payne'),('Katherine Carroll'),('Katherine Johnson'),('Katherine Kennedy'),('Katherine Riley'),('Kathleen Castillo'),('Kathleen Fernandez'),('Kathleen Graham'),('Kathleen Ramos'),('Kathryn Hayes'),('Kathryn Ramos'),('Kathryn Shaw'),('Kathy Cooper'),('Kathy Hansen'),('Kathy Harris'),('Kathy Hart'),('Kathy Hunter'),('Kathy Johnston'),('Kathy Myers'),('Kathy Nelson'),('Kathy Stevens'),('Kathy Watkins'),('Kathy Wilson'),('Keith Bailey'),('Keith Brown'),('Keith Howard'),('Keith Morgan'),('Keith Perry'),('Keith Williamson'),('Kelly Garrett'),('Kelly Gutierrez'),('Kelly Mason'),('Kelly Olson'),('Kelly Price'),('Kelly Taylor'),('Kenneth Diaz'),('Kenneth Morris'),('Kenneth Peters'),('Kenneth Robertson'),('Kenneth Stone'),('Kevin Bryant'),('Kevin Vasquez'),('Kimberly Reid'),('Kimberly Wheeler'),('Larry Cook'),('Larry Elliott'),('Larry Harper'),('Laura George'),('Laura Shaw'),('Lawrence Bell'),('Lawrence Burke'),('Lawrence Chapman'),('Lawrence Lynch'),('Lawrence Woods'),('Lee, Kyung Hwa'),('Lillian Cole'),('Lillian Gunawan'),('Lillian Kim'),('Lillian Pierce'),('Linda Diaz'),('Linda Holmes'),('Linda Hunt'),('Linda Kennedy'),('Linda Lane'),('Lisa Andrews'),('Lisa Chavez'),('Lisa Olson'),('Lisa Parker'),('Lisa Ramirez'),('Lisa Reed'),('Lisa Wood'),('Lois Bailey'),('Lois Lawrence'),('Lois Martinez'),('Lois Reed'),('Lori Boyd'),('Lori Clark'),('Lori Duncan'),('Lori Hamilton'),('Lori Jones'),('Lori Sanders'),('Louis Davis'),('Louis Diaz'),('Louis Jenkins'),('Louis Lee'),('Louise Jones'),('Louise Oliver'),('Louise Payne'),('Louise Powell'),('Louise Watkins'),('Margaret Elliott'),('Margaret Fowler'),('Margaret Meyer'),('Margaret Mitchell'),('Maria Graham'),('Maria James'),('Marie Adams'),('Marie Andrews'),('Marie Black'),('Marie Chapman'),('Marie Murphy'),('Marie Oliver'),('Marie Shaw'),('Marilyn Alexander'),('Marilyn Allen'),('Marilyn Frazier'),('Marilyn Gutierrez'),('Marilyn Lawson'),('Marilyn Mills'),('Marilyn Porter'),('Marilyn Robinson'),('Mark Black'),('Mark Howard'),('Mark Reyes'),('Mark Reynolds'),('Mark Rice'),('Mark Ryan'),('Mark Weaver'),('Martha Jacobs'),('Martha Tucker'),('Martha West'),('Martha Willis'),('Martha Wright'),('Martin Cooper'),('Martin George'),('Martin Marshall'),('Martin Montgomery'),('Martin Ramos'),('Martin Robertson'),('Martin Ward'),('Mary Arnold'),('Mary Hamilton'),('Matthew Berry'),('Matthew Clark'),('Matthew Elliott'),('Matthew Howard'),('Matthew Howell'),('Melissa Alvarez'),('Melissa Boyd'),('Melissa Fox'),('Melissa Johnston'),('Melissa Matthews'),('Melissa Porter'),('Melissa Robinson'),('Melissa Washington'),('Michael Gardner'),('Michael Graham'),('Michael Stone'),('Michael Warren'),('Michael Watkins'),('Michelle Hawkins'),('Michelle Jackson'),('Michelle Montgomery'),('Michelle Stephens'),('Michelle Wells'),('Mildred Bishop'),('Mildred Freeman'),('Mildred Gonzalez'),('Mildred Greene'),('Mildred Long'),('Mildred Ortiz'),('Mildred Ruiz'),('Mildred Schmidt'),('Mildred Stephens'),('Nancy Gonzalez'),('Nancy Richards'),('Nicholas Fisher'),('Nicholas Ramos'),('Nicole Burke'),('Nicole Gray'),('Nicole Gunawan'),('Nicole Hughes'),('Nicole Long'),('Nicole Moreno'),('Nicole Murray'),('Nicole Taylor'),('Nicole Turner'),('Nicole Williamson'),('Norma Gardner'),('Norma Owens'),('Pamela Hicks'),('Pamela James'),('Pamela Nelson'),('Pamela Owens'),('Pamela Parker'),('Pamela Perry'),('Pamela Ramos'),('Pamela Roberts'),('Pamela West'),('Park Seongbeom'),('Park Yuna'),('Patricia Austin'),('Patricia Gonzales'),('Patricia Harper'),('Patricia Wood'),('Patrick Bowman'),('Patrick Grant'),('Patrick Gunawan'),('Patrick Henry'),('Paul Gibson'),('Paul Hughes'),('Paul Perkins'),('Paul Peters'),('Paula Miller'),('Paula Thomas'),('Peter Chapman'),('Peter Fuller'),('Peter Hicks'),('Peter Knight'),('Peter Ray'),('Philip Garza'),('Philip George'),('Philip Mason'),('Philip Simmons'),('Philip Smith'),('Philip Snyder'),('Phillip Carter'),('Phillip Gunawan'),('Phillip Henry'),('Phillip Tucker'),('Phyllis Ferguson'),('Phyllis Hart'),('Phyllis Lee'),('Phyllis Morales'),('Phyllis Weaver'),('Phyllis Webb'),('Rachel Gordon'),('Rachel Harper'),('Rachel Reynolds'),('Rachel Stanley'),('Rachel Torres'),('Ralph Cunningham'),('Ralph Duncan'),('Ralph Howell'),('Ralph Roberts'),('Ralph Stanley'),('Ralph Wagner'),('Ralph Wells'),('Randy Dixon'),('Randy Frazier'),('Randy Garza'),('Randy Lane'),('Randy Mccoy'),('Randy Tucker'),('Raymond Alvarez'),('Raymond Frazier'),('Raymond Nelson'),('Raymond Palmer'),('Raymond Rice'),('Rebecca Fox'),('Rebecca Garrett'),('Rebecca Medina'),('Rebecca Moore'),('Rebecca Smith'),('Richard Black'),('Richard Hernandez'),('Richard Howard'),('Richard Hughes'),('Robert Gunawan'),('Robert Hansen'),('Robert Larson'),('Robert Morales'),('Robert Turner'),('Robin Banks'),('Robin Carter'),('Robin Hicks'),('Robin Ortiz'),('Robin Powell'),('Robin Simmons'),('Robin Stephens'),('Roger Graham'),('Roger Hamilton'),('Roger James'),('Roger Jones'),('Ronald Baker'),('Ronald Black'),('Ronald Russell'),('Ronald Warren'),('Ronald Wright'),('Rose Bailey'),('Rose Bishop'),('Rose Gomez'),('Rose Jones'),('Rose Robinson'),('Rose Scott'),('Roy Bowman'),('Roy Gardner'),('Roy Knight'),('Roy Robinson'),('Ruby Arnold'),('Ruby Hernandez'),('Ruby Holmes'),('Ruby Kim'),('Ruby Ramirez'),('Ruby West'),('Russell Campbell'),('Russell Gomez'),('Russell Hicks'),('Russell Peters'),('Russell Sanchez'),('Russell Williamson'),('Ruth Alexander'),('Ruth Day'),('Ruth Hughes'),('Ruth Long'),('Ruth Morris'),('Ruth Murphy'),('Ruth Stanley'),('Ruth Woods'),('Ryan Collins'),('Ryan George'),('Ryan Hawkins'),('Ryan Riley'),('Samuel Lane'),('Samuel Warren'),('Sandra Fernandez'),('Sandra Gunawan'),('Sandra Kennedy'),('Sandra Sanders'),('Sara Long'),('Sara Spencer'),('Sara Stanley'),('Sarah Chavez'),('Sarah Holmes'),('Sarah King'),('Sarah Peters'),('Sarah Russell'),('Sarah Welch'),('Scott Bell'),('Scott Perry'),('Scott Peterson'),('Scott Stone'),('Scott Wagner'),('Scott Watson'),('Sean Brown'),('Sean Carroll'),('Sean Gonzales'),('Sharon Lynch'),('Shawn Andrews'),('Shawn Cunningham'),('Shawn Jordan'),('Shawn Mendoza'),('Shawn Stewart'),('Shirley Bennett'),('Shirley Crawford'),('Shirley Diaz'),('Shirley Gonzalez'),('Shirley Miller'),('Shirley Simmons'),('Shirley Smith'),('Shirley Warren'),('Sia, Soetikno'),('Stephanie Bishop'),('Stephanie Lawson'),('Stephanie Peterson'),('Stephanie Snyder'),('Stephanie Webb'),('Stephen Burton'),('Stephen George'),('Stephen Price'),('Steve Alexander'),('Steve Butler'),('Steve Carpenter'),('Steve Davis'),('Steve Hall'),('Steve Jones'),('Steve Lee'),('Steven Bishop'),('Steven Cook'),('Steven Fields'),('Steven Harrison'),('Steven Kelley'),('Steven Palmer'),('Steven Ross'),('Steven Stewart'),('Susan Foster'),('Susan Franklin'),('Susan Garcia'),('Susan Wilson'),('Tammy Ramirez'),('Tammy Rogers'),('Teresa Hall'),('Teresa Owens'),('Teresa Riley'),('Terry Castillo'),('Terry Day'),('Theresa Baker'),('Theresa Banks'),('Theresa Foster'),('Theresa Garrett'),('Theresa Kim'),('Theresa Marshall'),('Theresa Moore'),('Theresa Nelson'),('Thomas Bailey'),('Thomas Gomez'),('Thomas Perry'),('Thomas Thomas'),('Timothy Baker'),('Timothy Gilbert'),('Timothy Wood'),('Tina Anderson'),('Tina Castillo'),('Tina Chavez'),('Tina Patterson'),('Todd Alvarez'),('Todd Anderson'),('Victor Andrews'),('Victor Gray'),('Victor Olson'),('Virginia Campbell'),('Virginia Carter'),('Virginia Hamilton'),('Virginia Hanson'),('Virginia Hart'),('Virginia Hernandez'),('Virginia Hicks'),('Virginia Lawson'),('Virginia Little'),('Virginia Miller'),('Virginia Robertson'),('Virginia Torres'),('Virginia Washington'),('Virginia Williams'),('Walter Cook'),('Walter Dean'),('Walter Fernandez'),('Walter Gonzales'),('Walter Rogers'),('Walter White'),('Walter Williamson'),('Wanda Clark'),('Wanda Collins'),('Wanda Daniels'),('Wanda Frazier'),('Wanda Torres'),('Wanda Wallace'),('Wayne Lynch'),('Wayne Perkins'),('Wayne Peters'),('Wayne Price'),('Wayne Walker'),('William Warren'),('Willie Bryant'),('Willie Garcia'),('Willie Gunawan'),('Willie Gutierrez'),('Willie Henry'),('Willie Knight'),('Willie Larson'),('Willie Wood'),('Yongki, Jou'),('Youvita, Elisabeth'),('Youvito, Brian'),('Yuanita, Jou Christine');
/*!40000 ALTER TABLE `penumpang` ENABLE KEYS */;
UNLOCK TABLES;

--
-- Table structure for table `pesawat`
--

DROP TABLE IF EXISTS `pesawat`;
/*!40101 SET @saved_cs_client     = @@character_set_client */;
/*!40101 SET character_set_client = utf8 */;
CREATE TABLE `pesawat` (
  `kode_pesawat` char(7) NOT NULL,
  `kapasitas_penumpang` int(11) DEFAULT NULL,
  `jenis` char(10) DEFAULT NULL,
  `kondisi` char(10) DEFAULT NULL,
  `no_perusahaan` int(11) DEFAULT NULL,
  PRIMARY KEY (`kode_pesawat`),
  KEY `no_perusahaan` (`no_perusahaan`),
  CONSTRAINT `pesawat_ibfk_1` FOREIGN KEY (`no_perusahaan`) REFERENCES `maskapai` (`no_perusahaan`)
) ENGINE=InnoDB DEFAULT CHARSET=latin1;
/*!40101 SET character_set_client = @saved_cs_client */;

--
-- Dumping data for table `pesawat`
--

LOCK TABLES `pesawat` WRITE;
/*!40000 ALTER TABLE `pesawat` DISABLE KEYS */;
INSERT INTO `pesawat` VALUES ('9M-BXC',150,'A330','BAIK',3),('9M-BXX',200,'A330','BAIK',3),('9V-POW',300,'Boeing 737','BAIK',4),('9V-PQR',150,'A330','BAIK',4),('9V-XXX',140,'Cessna','BAIK',4),('9V-ZZZ',300,'Boeing 737','BAIK',4),('PK-ALO',300,'Boeing 737','BAIK',1),('PK-APO',300,'Boeing 737','BAIK',2),('PK-AXC',150,'A330','RUSAK',3),('PK-AXD',150,'Cessna','BAIK',2),('PK-AXE',300,'Boeing 737','BAIK',3),('PK-BBB',300,'Boeing 737','BAIK',1),('PK-BBC',150,'A330','BAIK',2),('PK-OLO',130,'Cessna','RUSAK',6),('PK-OPO',150,'A330','BAIK',5),('PK-WAL',140,'A330','BAIK',1),('PK-WAX',140,'Cessna','BAIK',2),('PK-WEI',100,'Cessna','BAIK',5),('PK-WOL',140,'Cessna','BAIK',6),('PK-XXX',150,'A330','BAIK',5);
/*!40000 ALTER TABLE `pesawat` ENABLE KEYS */;
UNLOCK TABLES;

--
-- Table structure for table `rusak_dan_diganti`
--

DROP TABLE IF EXISTS `rusak_dan_diganti`;
/*!40101 SET @saved_cs_client     = @@character_set_client */;
/*!40101 SET character_set_client = utf8 */;
CREATE TABLE `rusak_dan_diganti` (
  `no_penerbangan` char(8) NOT NULL DEFAULT '',
  `departure_time` datetime NOT NULL DEFAULT '0000-00-00 00:00:00',
  `kode_pesawat` char(7) DEFAULT NULL,
  PRIMARY KEY (`no_penerbangan`,`departure_time`),
  CONSTRAINT `rusak_dan_diganti_ibfk_1` FOREIGN KEY (`no_penerbangan`, `departure_time`) REFERENCES `keberangkatan` (`no_penerbangan`, `departure_time`)
) ENGINE=InnoDB DEFAULT CHARSET=latin1;
/*!40101 SET character_set_client = @saved_cs_client */;

--
-- Dumping data for table `rusak_dan_diganti`
--

LOCK TABLES `rusak_dan_diganti` WRITE;
/*!40000 ALTER TABLE `rusak_dan_diganti` DISABLE KEYS */;
INSERT INTO `rusak_dan_diganti` VALUES ('BO2315','2015-04-13 22:30:00','PK-OLO'),('GA790','2015-04-30 07:30:00','PK-AXD'),('GA8609','2015-03-27 05:30:00','PK-APO'),('ID390','2015-05-04 14:00:00','PK-OPO'),('JT268','2015-04-28 07:30:00','PK-BBB'),('JT722','2015-04-14 03:30:00','PK-BBB'),('QZ243','2015-04-17 07:30:00','9M-BXC'),('QZ243','2015-04-24 07:30:00','PK-AXC'),('QZ534','2015-03-26 01:00:00','PK-AXC'),('QZ8501','2015-01-04 05:20:00','PK-AXE'),('QZ886','2015-04-08 05:30:00','PK-AXE');
/*!40000 ALTER TABLE `rusak_dan_diganti` ENABLE KEYS */;
UNLOCK TABLES;
/*!40103 SET TIME_ZONE=@OLD_TIME_ZONE */;

/*!40101 SET SQL_MODE=@OLD_SQL_MODE */;
/*!40014 SET FOREIGN_KEY_CHECKS=@OLD_FOREIGN_KEY_CHECKS */;
/*!40014 SET UNIQUE_CHECKS=@OLD_UNIQUE_CHECKS */;
/*!40101 SET CHARACTER_SET_CLIENT=@OLD_CHARACTER_SET_CLIENT */;
/*!40101 SET CHARACTER_SET_RESULTS=@OLD_CHARACTER_SET_RESULTS */;
/*!40101 SET COLLATION_CONNECTION=@OLD_COLLATION_CONNECTION */;
/*!40111 SET SQL_NOTES=@OLD_SQL_NOTES */;

-- Dump completed on 2015-05-02 20:15:30
